"BARRIO","PERIODO","TOTAL"
"",2014,47
"",2015,53
"",2016,64
"",2017,57
"",2018,29
"",2019,14
"0",2018,2
"0",2019,2
"6001",2014,9
"6001",2015,10
"6001",2016,5
"6001",2017,7
"6001",2018,8
"6001",2019,4
"7001",2018,11
"7001",2019,7
"9004",2018,2
"9086",2017,2
"Aguas Frias",2014,25
"Aguas Frias",2015,19
"Aguas Frias",2016,20
"Aguas Frias",2017,14
"Aguas Frias",2018,7
"Aguas Frias",2019,7
"Aldea Pablo VI",2014,17
"Aldea Pablo VI",2015,15
"Aldea Pablo VI",2016,20
"Aldea Pablo VI",2017,11
"Aldea Pablo VI",2018,20
"Aldea Pablo VI",2019,5
"Alejandria",2014,78
"Alejandria",2015,64
"Alejandria",2016,105
"Alejandria",2017,123
"Alejandria",2018,129
"Alejandria",2019,54
"Alejandro Echavarria",2014,159
"Alejandro Echavarria",2015,145
"Alejandro Echavarria",2016,187
"Alejandro Echavarria",2017,181
"Alejandro Echavarria",2018,169
"Alejandro Echavarria",2019,85
"Alfonso Lopez",2014,234
"Alfonso Lopez",2015,244
"Alfonso Lopez",2016,289
"Alfonso Lopez",2017,196
"Alfonso Lopez",2018,186
"Alfonso Lopez",2019,84
"Altamira",2014,216
"Altamira",2015,162
"Altamira",2016,137
"Altamira",2017,142
"Altamira",2018,119
"Altamira",2019,44
"Altavista",2014,78
"Altavista",2015,77
"Altavista",2016,82
"Altavista",2017,64
"Altavista",2018,53
"Altavista",2019,15
"Altavista Sector Central",2014,23
"Altavista Sector Central",2015,30
"Altavista Sector Central",2016,30
"Altavista Sector Central",2017,30
"Altavista Sector Central",2018,11
"Altos del Poblado",2014,49
"Altos del Poblado",2015,54
"Altos del Poblado",2016,80
"Altos del Poblado",2017,41
"Altos del Poblado",2018,42
"Altos del Poblado",2019,16
"Andalucia",2014,49
"Andalucia",2015,47
"Andalucia",2016,52
"Andalucia",2017,52
"Andalucia",2018,43
"Andalucia",2019,19
"Antonio Narino",2014,53
"Antonio Narino",2015,54
"Antonio Narino",2016,50
"Antonio Narino",2017,55
"Antonio Narino",2018,29
"Antonio Narino",2019,15
"Aranjuez",2014,367
"Aranjuez",2015,369
"Aranjuez",2016,352
"Aranjuez",2017,404
"Aranjuez",2018,340
"Aranjuez",2019,147
"Area De Expansion Altavista",2014,13
"Area De Expansion Altavista",2015,13
"Area De Expansion Altavista",2016,12
"Area De Expansion Altavista",2017,6
"Area De Expansion Altavista",2018,3
"Area De Expansion Altavista",2019,5
"area de Expansion Altos de Calasanz",2014,12
"area de Expansion Altos de Calasanz",2015,19
"area de Expansion Altos de Calasanz",2016,18
"area de Expansion Altos de Calasanz",2017,30
"area de Expansion Altos de Calasanz",2018,24
"area de Expansion Altos de Calasanz",2019,9
"Area De Expansion Belen Rincon",2014,2
"Area De Expansion Belen Rincon",2015,2
"Area De Expansion Belen Rincon",2016,5
"Area De Expansion Belen Rincon",2017,1
"Area De Expansion Belen Rincon",2018,1
"Area De Expansion Belen Rincon",2019,3
"area de Expansion Pajarito",2014,141
"area de Expansion Pajarito",2015,164
"area de Expansion Pajarito",2016,146
"area de Expansion Pajarito",2017,166
"area de Expansion Pajarito",2018,137
"area de Expansion Pajarito",2019,74
"area de Expansion San Antonio de Prado",2014,8
"area de Expansion San Antonio de Prado",2015,12
"area de Expansion San Antonio de Prado",2016,14
"area de Expansion San Antonio de Prado",2017,8
"area de Expansion San Antonio de Prado",2018,15
"area de Expansion San Antonio de Prado",2019,7
"Asomadera Nº 1",2014,51
"Asomadera Nº 1",2015,48
"Asomadera Nº 1",2016,52
"Asomadera Nº 1",2017,138
"Asomadera Nº 1",2018,127
"Asomadera Nº 1",2019,70
"Asomadera Nº 2",2014,88
"Asomadera Nº 2",2015,86
"Asomadera Nº 2",2016,89
"Asomadera Nº 2",2017,122
"Asomadera Nº 2",2018,104
"Asomadera Nº 2",2019,58
"Asomadera Nº 3",2014,27
"Asomadera Nº 3",2015,25
"Asomadera Nº 3",2016,31
"Asomadera Nº 3",2017,29
"Asomadera Nº 3",2018,32
"Asomadera Nº 3",2019,8
"Astorga",2014,74
"Astorga",2015,61
"Astorga",2016,59
"Astorga",2017,51
"Astorga",2018,56
"Astorga",2019,9
"AUC1",2014,4
"AUC1",2015,4
"AUC1",2016,4
"AUC1",2017,2
"AUC1",2018,2
"AUC1",2019,1
"AUC2",2014,2
"Aures Nº 1",2014,90
"Aures Nº 1",2015,101
"Aures Nº 1",2016,89
"Aures Nº 1",2017,105
"Aures Nº 1",2018,101
"Aures Nº 1",2019,28
"Aures Nº 2",2014,99
"Aures Nº 2",2015,116
"Aures Nº 2",2016,121
"Aures Nº 2",2017,117
"Aures Nº 2",2018,130
"Aures Nº 2",2019,61
"Barrio Colombia",2014,242
"Barrio Colombia",2015,200
"Barrio Colombia",2016,249
"Barrio Colombia",2017,270
"Barrio Colombia",2018,229
"Barrio Colombia",2019,124
"Barrio Colon",2014,685
"Barrio Colon",2015,747
"Barrio Colon",2016,703
"Barrio Colon",2017,749
"Barrio Colon",2018,747
"Barrio Colon",2019,369
"Barrio Cristobal",2014,24
"Barrio Cristobal",2015,34
"Barrio Cristobal",2016,33
"Barrio Cristobal",2017,35
"Barrio Cristobal",2018,28
"Barrio Cristobal",2019,15
"Barrios de Jesus",2014,41
"Barrios de Jesus",2015,48
"Barrios de Jesus",2016,53
"Barrios de Jesus",2017,62
"Barrios de Jesus",2018,63
"Barrios de Jesus",2019,54
"Batallon Girardot",2015,3
"Batallon Girardot",2016,3
"Batallon Girardot",2017,3
"Batallon Girardot",2018,2
"Batallon Girardot",2019,3
"Belalcazar",2014,100
"Belalcazar",2015,101
"Belalcazar",2016,117
"Belalcazar",2017,122
"Belalcazar",2018,116
"Belalcazar",2019,67
"Belen",2014,448
"Belen",2015,487
"Belen",2016,552
"Belen",2017,498
"Belen",2018,455
"Belen",2019,226
"Belencito",2014,21
"Belencito",2015,36
"Belencito",2016,30
"Belencito",2017,40
"Belencito",2018,32
"Belencito",2019,5
"Bello Horizonte",2014,76
"Bello Horizonte",2015,79
"Bello Horizonte",2016,50
"Bello Horizonte",2017,70
"Bello Horizonte",2018,60
"Bello Horizonte",2019,24
"Berlin",2014,167
"Berlin",2015,169
"Berlin",2016,154
"Berlin",2017,172
"Berlin",2018,148
"Berlin",2019,88
"Bermejal - Los alamos",2014,48
"Bermejal - Los alamos",2015,55
"Bermejal - Los alamos",2016,57
"Bermejal - Los alamos",2017,40
"Bermejal - Los alamos",2018,32
"Bermejal - Los alamos",2019,22
"Betania",2014,26
"Betania",2015,15
"Betania",2016,27
"Betania",2017,23
"Betania",2018,19
"Betania",2019,6
"Blanquizal",2014,14
"Blanquizal",2015,16
"Blanquizal",2016,22
"Blanquizal",2017,17
"Blanquizal",2018,19
"Blanquizal",2019,13
"Bolivariana",2014,207
"Bolivariana",2015,179
"Bolivariana",2016,177
"Bolivariana",2017,195
"Bolivariana",2018,179
"Bolivariana",2019,84
"Bombona Nº 1",2014,292
"Bombona Nº 1",2015,264
"Bombona Nº 1",2016,270
"Bombona Nº 1",2017,203
"Bombona Nº 1",2018,204
"Bombona Nº 1",2019,110
"Bombona Nº 2",2014,61
"Bombona Nº 2",2015,73
"Bombona Nº 2",2016,75
"Bombona Nº 2",2017,60
"Bombona Nº 2",2018,64
"Bombona Nº 2",2019,44
"Bosques de San Pablo",2014,66
"Bosques de San Pablo",2015,84
"Bosques de San Pablo",2016,80
"Bosques de San Pablo",2017,77
"Bosques de San Pablo",2018,61
"Bosques de San Pablo",2019,27
"Boston",2014,448
"Boston",2015,463
"Boston",2016,533
"Boston",2017,426
"Boston",2018,426
"Boston",2019,169
"Boyaca",2014,97
"Boyaca",2015,103
"Boyaca",2016,119
"Boyaca",2017,118
"Boyaca",2018,148
"Boyaca",2019,55
"Brasilia",2014,102
"Brasilia",2015,112
"Brasilia",2016,82
"Brasilia",2017,104
"Brasilia",2018,100
"Brasilia",2019,51
"Buenos Aires",2014,215
"Buenos Aires",2015,239
"Buenos Aires",2016,195
"Buenos Aires",2017,180
"Buenos Aires",2018,163
"Buenos Aires",2019,81
"Buga Patio Bonito",2014,7
"Buga Patio Bonito",2015,15
"Buga Patio Bonito",2016,12
"Buga Patio Bonito",2017,7
"Buga Patio Bonito",2018,6
"Buga Patio Bonito",2019,2
"Cabecera San Antonio de Prado",2014,151
"Cabecera San Antonio de Prado",2015,228
"Cabecera San Antonio de Prado",2016,220
"Cabecera San Antonio de Prado",2017,553
"Cabecera San Antonio de Prado",2018,596
"Cabecera San Antonio de Prado",2019,320
"Cabecera Urbana San Cristobal",2014,121
"Cabecera Urbana San Cristobal",2015,125
"Cabecera Urbana San Cristobal",2016,134
"Cabecera Urbana San Cristobal",2017,102
"Cabecera Urbana San Cristobal",2018,108
"Cabecera Urbana San Cristobal",2019,48
"Caicedo",2014,202
"Caicedo",2015,196
"Caicedo",2016,190
"Caicedo",2017,165
"Caicedo",2018,155
"Caicedo",2019,76
"Calasanz",2014,167
"Calasanz",2015,170
"Calasanz",2016,163
"Calasanz",2017,158
"Calasanz",2018,152
"Calasanz",2019,73
"Calasanz Parte Alta",2014,75
"Calasanz Parte Alta",2015,63
"Calasanz Parte Alta",2016,106
"Calasanz Parte Alta",2017,110
"Calasanz Parte Alta",2018,80
"Calasanz Parte Alta",2019,47
"Calle Nueva",2014,310
"Calle Nueva",2015,311
"Calle Nueva",2016,331
"Calle Nueva",2017,346
"Calle Nueva",2018,322
"Calle Nueva",2019,177
"Campo Alegre",2014,105
"Campo Alegre",2015,103
"Campo Alegre",2016,107
"Campo Alegre",2017,119
"Campo Alegre",2018,109
"Campo Alegre",2019,57
"Campo Amor",2014,786
"Campo Amor",2015,744
"Campo Amor",2016,845
"Campo Amor",2017,775
"Campo Amor",2018,998
"Campo Amor",2019,443
"Campo Valdes Nº 1",2014,254
"Campo Valdes Nº 1",2015,251
"Campo Valdes Nº 1",2016,251
"Campo Valdes Nº 1",2017,221
"Campo Valdes Nº 1",2018,234
"Campo Valdes Nº 1",2019,136
"Campo Valdes Nº 2",2014,217
"Campo Valdes Nº 2",2015,220
"Campo Valdes Nº 2",2016,192
"Campo Valdes Nº 2",2017,150
"Campo Valdes Nº 2",2018,165
"Campo Valdes Nº 2",2019,73
"Caribe",2014,980
"Caribe",2015,899
"Caribe",2016,861
"Caribe",2017,882
"Caribe",2018,816
"Caribe",2019,364
"Carlos E. Restrepo",2014,596
"Carlos E. Restrepo",2015,593
"Carlos E. Restrepo",2016,619
"Carlos E. Restrepo",2017,633
"Carlos E. Restrepo",2018,546
"Carlos E. Restrepo",2019,254
"Carpinelo",2014,18
"Carpinelo",2015,29
"Carpinelo",2016,24
"Carpinelo",2017,15
"Carpinelo",2018,19
"Carpinelo",2019,10
"Castilla",2014,1242
"Castilla",2015,1153
"Castilla",2016,1270
"Castilla",2017,1379
"Castilla",2018,1272
"Castilla",2019,583
"Castropol",2014,181
"Castropol",2015,210
"Castropol",2016,184
"Castropol",2017,226
"Castropol",2018,250
"Castropol",2019,110
"Cataluna",2014,61
"Cataluna",2015,64
"Cataluna",2016,57
"Cataluna",2017,43
"Cataluna",2018,51
"Cataluna",2019,28
"Cerro Nutibara",2014,138
"Cerro Nutibara",2015,108
"Cerro Nutibara",2016,127
"Cerro Nutibara",2017,199
"Cerro Nutibara",2018,249
"Cerro Nutibara",2019,107
"Corazon de Jesus",2014,479
"Corazon de Jesus",2015,566
"Corazon de Jesus",2016,544
"Corazon de Jesus",2017,422
"Corazon de Jesus",2018,441
"Corazon de Jesus",2019,249
"Cordoba",2014,103
"Cordoba",2015,106
"Cordoba",2016,82
"Cordoba",2017,106
"Cordoba",2018,113
"Cordoba",2019,46
"Corregimiento de San Antonio de Prado",2017,4
"Corregimiento de Santa Elena",2017,1
"Cristo Rey",2014,404
"Cristo Rey",2015,344
"Cristo Rey",2016,452
"Cristo Rey",2017,431
"Cristo Rey",2018,293
"Cristo Rey",2019,164
"Cuarta Brigada",2014,219
"Cuarta Brigada",2015,223
"Cuarta Brigada",2016,245
"Cuarta Brigada",2017,276
"Cuarta Brigada",2018,219
"Cuarta Brigada",2019,97
"Cucaracho",2014,246
"Cucaracho",2015,229
"Cucaracho",2016,196
"Cucaracho",2017,163
"Cucaracho",2018,170
"Cucaracho",2019,86
"Diego Echavarria",2014,91
"Diego Echavarria",2015,72
"Diego Echavarria",2016,76
"Diego Echavarria",2017,103
"Diego Echavarria",2018,71
"Diego Echavarria",2019,25
"Doce de Octubre Nº 1",2014,120
"Doce de Octubre Nº 1",2015,91
"Doce de Octubre Nº 1",2016,104
"Doce de Octubre Nº 1",2017,95
"Doce de Octubre Nº 1",2018,117
"Doce de Octubre Nº 1",2019,47
"Doce de Octubre Nº 2",2014,133
"Doce de Octubre Nº 2",2015,144
"Doce de Octubre Nº 2",2016,121
"Doce de Octubre Nº 2",2017,110
"Doce de Octubre Nº 2",2018,116
"Doce de Octubre Nº 2",2019,43
"Eduardo Santos",2014,10
"Eduardo Santos",2015,11
"Eduardo Santos",2016,9
"Eduardo Santos",2017,6
"Eduardo Santos",2018,6
"Eduardo Santos",2019,4
"El Castillo",2014,45
"El Castillo",2015,59
"El Castillo",2016,71
"El Castillo",2017,52
"El Castillo",2018,55
"El Castillo",2019,37
"El Chagualo",2014,465
"El Chagualo",2015,481
"El Chagualo",2016,416
"El Chagualo",2017,373
"El Chagualo",2018,323
"El Chagualo",2019,149
"El Compromiso",2014,20
"El Compromiso",2015,12
"El Compromiso",2016,19
"El Compromiso",2017,22
"El Compromiso",2018,35
"El Compromiso",2019,7
"El Corazon",2014,20
"El Corazon",2015,28
"El Corazon",2016,21
"El Corazon",2017,23
"El Corazon",2018,19
"El Corazon",2019,10
"El Corazon El Morro ",2014,4
"El Corazon El Morro ",2015,3
"El Corazon El Morro ",2016,4
"El Corazon El Morro ",2017,2
"El Corazon El Morro ",2018,2
"El Corazon El Morro ",2019,2
"El Danubio",2014,80
"El Danubio",2015,56
"El Danubio",2016,86
"El Danubio",2017,101
"El Danubio",2018,66
"El Danubio",2019,24
"El Diamante",2014,213
"El Diamante",2015,203
"El Diamante",2016,202
"El Diamante",2017,207
"El Diamante",2018,178
"El Diamante",2019,88
"El Diamante Nº 2",2014,52
"El Diamante Nº 2",2015,64
"El Diamante Nº 2",2016,62
"El Diamante Nº 2",2017,50
"El Diamante Nº 2",2018,31
"El Diamante Nº 2",2019,29
"El Llano SE",2019,1
"El Nogal - Los Almendros",2014,78
"El Nogal - Los Almendros",2015,92
"El Nogal - Los Almendros",2016,87
"El Nogal - Los Almendros",2017,99
"El Nogal - Los Almendros",2018,78
"El Nogal - Los Almendros",2019,43
"El Pesebre",2014,24
"El Pesebre",2015,26
"El Pesebre",2016,47
"El Pesebre",2017,44
"El Pesebre",2018,47
"El Pesebre",2019,22
"El Picacho",2014,1
"El Picacho",2015,7
"El Picacho",2016,4
"El Picacho",2017,5
"El Picacho",2018,4
"El Pinal",2014,115
"El Pinal",2015,116
"El Pinal",2016,104
"El Pinal",2017,107
"El Pinal",2018,90
"El Pinal",2019,48
"El Plan",2018,1
"El Playon de Los Comuneros",2014,64
"El Playon de Los Comuneros",2015,65
"El Playon de Los Comuneros",2016,54
"El Playon de Los Comuneros",2017,63
"El Playon de Los Comuneros",2018,74
"El Playon de Los Comuneros",2019,23
"El Poblado",2014,228
"El Poblado",2015,254
"El Poblado",2016,240
"El Poblado",2017,298
"El Poblado",2018,316
"El Poblado",2019,189
"El Pomar",2014,67
"El Pomar",2015,81
"El Pomar",2016,58
"El Pomar",2017,64
"El Pomar",2018,72
"El Pomar",2019,21
"El Progreso",2014,338
"El Progreso",2015,309
"El Progreso",2016,345
"El Progreso",2017,378
"El Progreso",2018,410
"El Progreso",2019,170
"El Progreso Nº 2",2014,28
"El Progreso Nº 2",2015,27
"El Progreso Nº 2",2016,25
"El Progreso Nº 2",2017,43
"El Progreso Nº 2",2018,22
"El Progreso Nº 2",2019,12
"El Raizal",2014,101
"El Raizal",2015,85
"El Raizal",2016,107
"El Raizal",2017,87
"El Raizal",2018,99
"El Raizal",2019,57
"El Rincon",2014,158
"El Rincon",2015,159
"El Rincon",2016,178
"El Rincon",2017,200
"El Rincon",2018,151
"El Rincon",2019,75
"El Rodeo",2014,30
"El Rodeo",2015,30
"El Rodeo",2016,26
"El Rodeo",2017,42
"El Rodeo",2018,33
"El Rodeo",2019,12
"El Salado",2014,32
"El Salado",2015,47
"El Salado",2016,40
"El Salado",2017,33
"El Salado",2018,30
"El Salado",2019,8
"El Salvador",2014,105
"El Salvador",2015,114
"El Salvador",2016,133
"El Salvador",2017,114
"El Salvador",2018,102
"El Salvador",2019,44
"El Socorro",2014,18
"El Socorro",2015,12
"El Socorro",2016,16
"El Socorro",2017,10
"El Socorro",2018,9
"El Socorro",2019,5
"El Tesoro",2014,113
"El Tesoro",2015,95
"El Tesoro",2016,140
"El Tesoro",2017,128
"El Tesoro",2018,139
"El Tesoro",2019,63
"El Triunfo",2014,10
"El Triunfo",2015,7
"El Triunfo",2016,9
"El Triunfo",2017,9
"El Triunfo",2018,14
"El Triunfo",2019,8
"El Uvito",2018,1
"El Velodromo",2014,127
"El Velodromo",2015,138
"El Velodromo",2016,138
"El Velodromo",2017,146
"El Velodromo",2018,131
"El Velodromo",2019,65
"El Vergel",2015,1
"El Vergel",2017,2
"El Vergel",2019,1
"El Volador",2014,42
"El Volador",2015,21
"El Volador",2016,35
"El Volador",2017,32
"El Volador",2018,39
"El Volador",2019,18
"Enciso",2014,143
"Enciso",2015,137
"Enciso",2016,133
"Enciso",2017,119
"Enciso",2018,124
"Enciso",2019,53
"Estacion Villa",2014,235
"Estacion Villa",2015,217
"Estacion Villa",2016,231
"Estacion Villa",2017,258
"Estacion Villa",2018,265
"Estacion Villa",2019,109
"Estadio",2014,374
"Estadio",2015,386
"Estadio",2016,383
"Estadio",2017,293
"Estadio",2018,248
"Estadio",2019,99
"Fatima",2014,224
"Fatima",2015,229
"Fatima",2016,228
"Fatima",2017,223
"Fatima",2018,217
"Fatima",2019,91
"Ferrini",2014,60
"Ferrini",2015,53
"Ferrini",2016,57
"Ferrini",2017,42
"Ferrini",2018,47
"Ferrini",2019,31
"Florencia",2014,79
"Florencia",2015,70
"Florencia",2016,63
"Florencia",2017,80
"Florencia",2018,65
"Florencia",2019,30
"Florida Nueva",2014,157
"Florida Nueva",2015,137
"Florida Nueva",2016,177
"Florida Nueva",2017,173
"Florida Nueva",2018,154
"Florida Nueva",2019,83
"Francisco Antonio Zea",2014,125
"Francisco Antonio Zea",2015,126
"Francisco Antonio Zea",2016,123
"Francisco Antonio Zea",2017,123
"Francisco Antonio Zea",2018,95
"Francisco Antonio Zea",2019,47
"Fuente Clara",2014,8
"Fuente Clara",2015,14
"Fuente Clara",2016,26
"Fuente Clara",2017,21
"Fuente Clara",2018,31
"Fuente Clara",2019,19
"Gerona",2014,83
"Gerona",2015,95
"Gerona",2016,106
"Gerona",2017,79
"Gerona",2018,83
"Gerona",2019,34
"Girardot",2014,213
"Girardot",2015,229
"Girardot",2016,227
"Girardot",2017,200
"Girardot",2018,158
"Girardot",2019,79
"Granada",2014,81
"Granada",2015,105
"Granada",2016,103
"Granada",2017,93
"Granada",2018,82
"Granada",2019,42
"Granizal",2014,79
"Granizal",2015,65
"Granizal",2016,72
"Granizal",2017,62
"Granizal",2018,62
"Granizal",2019,29
"Guayabal",2014,551
"Guayabal",2015,561
"Guayabal",2016,693
"Guayabal",2017,724
"Guayabal",2018,496
"Guayabal",2019,180
"Guayaquil",2014,733
"Guayaquil",2015,883
"Guayaquil",2016,765
"Guayaquil",2017,599
"Guayaquil",2018,535
"Guayaquil",2019,262
"Hector Abad Gomez",2014,169
"Hector Abad Gomez",2015,146
"Hector Abad Gomez",2016,174
"Hector Abad Gomez",2017,204
"Hector Abad Gomez",2018,218
"Hector Abad Gomez",2019,106
"Inst",2014,29
"Inst",2015,39
"Inst",2016,44
"Inst",2017,26
"Inst",2018,30
"Inst",2019,15
"Jesus Nazareno",2014,412
"Jesus Nazareno",2015,420
"Jesus Nazareno",2016,386
"Jesus Nazareno",2017,401
"Jesus Nazareno",2018,373
"Jesus Nazareno",2019,161
"Juan Pablo II",2014,5
"Juan Pablo II",2015,8
"Juan Pablo II",2016,9
"Juan Pablo II",2017,7
"Juan Pablo II",2018,6
"Juan Pablo II",2019,5
"Juan XXIII",2014,37
"Juan XXIII",2015,37
"Juan XXIII",2016,24
"Juan XXIII",2017,40
"Juan XXIII",2018,23
"Juan XXIII",2019,11
"Kennedy",2014,193
"Kennedy",2015,183
"Kennedy",2016,174
"Kennedy",2017,185
"Kennedy",2018,188
"Kennedy",2019,82
"La Aguacatala",2014,317
"La Aguacatala",2015,348
"La Aguacatala",2016,360
"La Aguacatala",2017,493
"La Aguacatala",2018,320
"La Aguacatala",2019,172
"La America",2014,236
"La America",2015,215
"La America",2016,212
"La America",2017,243
"La America",2018,198
"La America",2019,101
"La Avanzada",2014,15
"La Avanzada",2015,14
"La Avanzada",2016,25
"La Avanzada",2017,24
"La Avanzada",2018,34
"La Avanzada",2019,16
"La Candelaria",2014,1337
"La Candelaria",2015,1348
"La Candelaria",2016,1171
"La Candelaria",2017,1420
"La Candelaria",2018,1567
"La Candelaria",2019,771
"La Castellana",2014,138
"La Castellana",2015,194
"La Castellana",2016,130
"La Castellana",2017,143
"La Castellana",2018,110
"La Castellana",2019,91
"La Colina",2014,96
"La Colina",2015,104
"La Colina",2016,116
"La Colina",2017,118
"La Colina",2018,76
"La Colina",2019,45
"La Cruz",2014,27
"La Cruz",2015,16
"La Cruz",2016,18
"La Cruz",2017,22
"La Cruz",2018,14
"La Cruz",2019,14
"La Esperanza",2014,127
"La Esperanza",2015,141
"La Esperanza",2016,153
"La Esperanza",2017,133
"La Esperanza",2018,122
"La Esperanza",2019,79
"La Esperanza Nº 2",2014,24
"La Esperanza Nº 2",2015,19
"La Esperanza Nº 2",2016,23
"La Esperanza Nº 2",2017,24
"La Esperanza Nº 2",2018,28
"La Esperanza Nº 2",2019,11
"La Floresta",2014,157
"La Floresta",2015,127
"La Floresta",2016,157
"La Floresta",2017,149
"La Floresta",2018,135
"La Floresta",2019,67
"La Florida",2014,163
"La Florida",2015,157
"La Florida",2016,159
"La Florida",2017,186
"La Florida",2018,184
"La Florida",2019,76
"La Francia",2014,60
"La Francia",2015,54
"La Francia",2016,46
"La Francia",2017,51
"La Francia",2018,46
"La Francia",2019,25
"La Frontera",2014,65
"La Frontera",2015,46
"La Frontera",2016,42
"La Frontera",2017,40
"La Frontera",2018,39
"La Frontera",2019,16
"La Gloria",2014,156
"La Gloria",2015,186
"La Gloria",2016,223
"La Gloria",2017,218
"La Gloria",2018,170
"La Gloria",2019,72
"La Hondonada",2014,26
"La Hondonada",2015,26
"La Hondonada",2016,31
"La Hondonada",2017,46
"La Hondonada",2018,47
"La Hondonada",2019,13
"La Isla",2014,45
"La Isla",2015,42
"La Isla",2016,43
"La Isla",2017,25
"La Isla",2018,38
"La Isla",2019,15
"La Ladera",2014,15
"La Ladera",2015,14
"La Ladera",2016,18
"La Ladera",2017,16
"La Ladera",2018,18
"La Ladera",2019,2
"La Libertad",2014,71
"La Libertad",2015,75
"La Libertad",2016,60
"La Libertad",2017,52
"La Libertad",2018,62
"La Libertad",2019,27
"La Loma de Los Bernal",2014,82
"La Loma de Los Bernal",2015,77
"La Loma de Los Bernal",2016,104
"La Loma de Los Bernal",2017,93
"La Loma de Los Bernal",2018,69
"La Loma de Los Bernal",2019,29
"La Loma Oriental",2014,1
"La Loma Oriental",2015,5
"La Loma Oriental",2016,4
"La Loma Oriental",2017,4
"La Loma Oriental",2018,11
"La Loma Oriental",2019,3
"La Mansion",2014,50
"La Mansion",2015,54
"La Mansion",2016,64
"La Mansion",2017,66
"La Mansion",2018,53
"La Mansion",2019,30
"La Milagrosa",2014,105
"La Milagrosa",2015,93
"La Milagrosa",2016,104
"La Milagrosa",2017,99
"La Milagrosa",2018,94
"La Milagrosa",2019,54
"La Mota",2014,65
"La Mota",2015,76
"La Mota",2016,89
"La Mota",2017,92
"La Mota",2018,62
"La Mota",2019,37
"La Oculta",2014,2
"La Oculta",2015,1
"La Oculta",2016,1
"La Oculta",2017,5
"La Oculta",2018,4
"La Oculta",2019,7
"La Palma",2014,140
"La Palma",2015,130
"La Palma",2016,153
"La Palma",2017,109
"La Palma",2018,98
"La Palma",2019,44
"La Pilarica",2014,90
"La Pilarica",2015,90
"La Pilarica",2016,73
"La Pilarica",2017,96
"La Pilarica",2018,119
"La Pilarica",2019,54
"La Pinuela",2014,56
"La Pinuela",2015,85
"La Pinuela",2016,66
"La Pinuela",2017,61
"La Pinuela",2018,66
"La Pinuela",2019,29
"La Pradera",2014,87
"La Pradera",2015,70
"La Pradera",2016,97
"La Pradera",2017,78
"La Pradera",2018,57
"La Pradera",2019,24
"La Rosa",2014,50
"La Rosa",2015,49
"La Rosa",2016,45
"La Rosa",2017,35
"La Rosa",2018,53
"La Rosa",2019,26
"La Salle",2014,108
"La Salle",2015,119
"La Salle",2016,123
"La Salle",2017,106
"La Salle",2018,103
"La Salle",2019,44
"La Sierra",2014,3
"La Sierra",2015,1
"La Sierra",2016,6
"La Sierra",2017,3
"La Sierra",2018,4
"La Verde ",2014,3
"La Verde ",2015,3
"La Verde ",2016,2
"La Verde ",2017,17
"La Verde ",2018,16
"La Verde ",2019,6
"Lalinde",2014,25
"Lalinde",2015,26
"Lalinde",2016,32
"Lalinde",2017,41
"Lalinde",2018,26
"Lalinde",2019,13
"Las Acacias",2014,326
"Las Acacias",2015,313
"Las Acacias",2016,336
"Las Acacias",2017,287
"Las Acacias",2018,269
"Las Acacias",2019,111
"Las Brisas",2014,200
"Las Brisas",2015,189
"Las Brisas",2016,215
"Las Brisas",2017,211
"Las Brisas",2018,180
"Las Brisas",2019,93
"Las Esmeraldas",2014,109
"Las Esmeraldas",2015,107
"Las Esmeraldas",2016,91
"Las Esmeraldas",2017,42
"Las Esmeraldas",2018,41
"Las Esmeraldas",2019,15
"Las Estancias",2014,52
"Las Estancias",2015,53
"Las Estancias",2016,55
"Las Estancias",2017,49
"Las Estancias",2018,48
"Las Estancias",2019,26
"Las Granjas",2014,257
"Las Granjas",2015,229
"Las Granjas",2016,258
"Las Granjas",2017,192
"Las Granjas",2018,179
"Las Granjas",2019,92
"Las Independencias",2014,20
"Las Independencias",2015,18
"Las Independencias",2016,15
"Las Independencias",2017,8
"Las Independencias",2018,11
"Las Independencias",2019,5
"Las Lomas Nº 1",2014,111
"Las Lomas Nº 1",2015,113
"Las Lomas Nº 1",2016,99
"Las Lomas Nº 1",2017,101
"Las Lomas Nº 1",2018,119
"Las Lomas Nº 1",2019,56
"Las Lomas Nº 2",2014,70
"Las Lomas Nº 2",2015,46
"Las Lomas Nº 2",2016,55
"Las Lomas Nº 2",2017,56
"Las Lomas Nº 2",2018,64
"Las Lomas Nº 2",2019,40
"Las Mercedes",2014,66
"Las Mercedes",2015,57
"Las Mercedes",2016,86
"Las Mercedes",2017,73
"Las Mercedes",2018,66
"Las Mercedes",2019,23
"Las Palmas",2014,108
"Las Palmas",2015,118
"Las Palmas",2016,119
"Las Palmas",2017,121
"Las Palmas",2018,124
"Las Palmas",2019,52
"Las Playas",2014,99
"Las Playas",2015,110
"Las Playas",2016,133
"Las Playas",2017,116
"Las Playas",2018,92
"Las Playas",2019,40
"Las Violetas",2014,93
"Las Violetas",2015,71
"Las Violetas",2016,80
"Las Violetas",2017,70
"Las Violetas",2018,63
"Las Violetas",2019,26
"Laureles",2014,288
"Laureles",2015,347
"Laureles",2016,357
"Laureles",2017,348
"Laureles",2018,304
"Laureles",2019,118
"Llanaditas",2014,16
"Llanaditas",2015,6
"Llanaditas",2016,12
"Llanaditas",2017,17
"Llanaditas",2018,10
"Llanaditas",2019,9
"Lopez de Mesa",2014,188
"Lopez de Mesa",2015,198
"Lopez de Mesa",2016,190
"Lopez de Mesa",2017,158
"Lopez de Mesa",2018,199
"Lopez de Mesa",2019,65
"Lorena",2014,190
"Lorena",2015,209
"Lorena",2016,197
"Lorena",2017,165
"Lorena",2018,167
"Lorena",2019,72
"Loreto",2014,129
"Loreto",2015,136
"Loreto",2016,141
"Loreto",2017,153
"Loreto",2018,125
"Loreto",2019,50
"Los Alcazares",2014,93
"Los Alcazares",2015,90
"Los Alcazares",2016,89
"Los Alcazares",2017,102
"Los Alcazares",2018,78
"Los Alcazares",2019,40
"Los Alpes",2014,95
"Los Alpes",2015,83
"Los Alpes",2016,99
"Los Alpes",2017,79
"Los Alpes",2018,79
"Los Alpes",2019,39
"Los angeles",2014,220
"Los angeles",2015,261
"Los angeles",2016,249
"Los angeles",2017,234
"Los angeles",2018,196
"Los angeles",2019,104
"Los Balsos Nº 1",2014,73
"Los Balsos Nº 1",2015,70
"Los Balsos Nº 1",2016,96
"Los Balsos Nº 1",2017,54
"Los Balsos Nº 1",2018,55
"Los Balsos Nº 1",2019,40
"Los Balsos Nº 2",2014,123
"Los Balsos Nº 2",2015,126
"Los Balsos Nº 2",2016,150
"Los Balsos Nº 2",2017,220
"Los Balsos Nº 2",2018,117
"Los Balsos Nº 2",2019,56
"Los Cerros - El Vergel",2014,62
"Los Cerros - El Vergel",2015,50
"Los Cerros - El Vergel",2016,48
"Los Cerros - El Vergel",2017,36
"Los Cerros - El Vergel",2018,36
"Los Cerros - El Vergel",2019,12
"Los Colores",2014,322
"Los Colores",2015,273
"Los Colores",2016,366
"Los Colores",2017,549
"Los Colores",2018,456
"Los Colores",2019,224
"Los Conquistadores",2014,735
"Los Conquistadores",2015,785
"Los Conquistadores",2016,819
"Los Conquistadores",2017,714
"Los Conquistadores",2018,704
"Los Conquistadores",2019,308
"Los Mangos",2014,103
"Los Mangos",2015,111
"Los Mangos",2016,102
"Los Mangos",2017,100
"Los Mangos",2018,93
"Los Mangos",2019,47
"Los Naranjos",2014,96
"Los Naranjos",2015,96
"Los Naranjos",2016,73
"Los Naranjos",2017,101
"Los Naranjos",2018,99
"Los Naranjos",2019,54
"Los Pinos",2014,235
"Los Pinos",2015,248
"Los Pinos",2016,237
"Los Pinos",2017,225
"Los Pinos",2018,183
"Los Pinos",2019,105
"Manila",2014,320
"Manila",2015,368
"Manila",2016,364
"Manila",2017,383
"Manila",2018,357
"Manila",2019,172
"Manrique",2014,197
"Manrique",2015,191
"Manrique",2016,160
"Manrique",2017,168
"Manrique",2018,161
"Manrique",2019,67
"Manrique Central Nº 1",2014,235
"Manrique Central Nº 1",2015,220
"Manrique Central Nº 1",2016,264
"Manrique Central Nº 1",2017,195
"Manrique Central Nº 1",2018,236
"Manrique Central Nº 1",2019,107
"Manrique Central Nº 2",2014,133
"Manrique Central Nº 2",2015,170
"Manrique Central Nº 2",2016,129
"Manrique Central Nº 2",2017,137
"Manrique Central Nº 2",2018,100
"Manrique Central Nº 2",2019,61
"Maria Cano - Carambola",2014,12
"Maria Cano - Carambola",2015,15
"Maria Cano - Carambola",2016,16
"Maria Cano - Carambola",2017,14
"Maria Cano - Carambola",2018,6
"Maria Cano - Carambola",2019,5
"Media Luna",2014,1
"Media Luna",2017,1
"Media Luna",2018,1
"Metropolitano",2014,4
"Metropolitano",2015,13
"Metropolitano",2016,11
"Metropolitano",2017,6
"Metropolitano",2018,5
"Metropolitano",2019,3
"Mirador del Doce",2014,7
"Mirador del Doce",2015,9
"Mirador del Doce",2016,8
"Mirador del Doce",2017,10
"Mirador del Doce",2018,7
"Mirador del Doce",2019,3
"Miraflores",2014,150
"Miraflores",2015,126
"Miraflores",2016,147
"Miraflores",2017,94
"Miraflores",2018,101
"Miraflores",2019,58
"Miranda",2014,220
"Miranda",2015,241
"Miranda",2016,210
"Miranda",2017,209
"Miranda",2018,170
"Miranda",2019,91
"Miravalle",2014,18
"Miravalle",2015,14
"Miravalle",2016,25
"Miravalle",2017,15
"Miravalle",2018,11
"Miravalle",2019,10
"Monteclaro",2014,17
"Monteclaro",2015,15
"Monteclaro",2016,18
"Monteclaro",2017,25
"Monteclaro",2018,23
"Monteclaro",2019,12
"Moravia",2014,317
"Moravia",2015,303
"Moravia",2016,276
"Moravia",2017,204
"Moravia",2018,244
"Moravia",2019,105
"Moscu Nº 1",2014,76
"Moscu Nº 1",2015,67
"Moscu Nº 1",2016,75
"Moscu Nº 1",2017,54
"Moscu Nº 1",2018,70
"Moscu Nº 1",2019,38
"Moscu Nº 2",2014,59
"Moscu Nº 2",2015,80
"Moscu Nº 2",2016,60
"Moscu Nº 2",2017,65
"Moscu Nº 2",2018,51
"Moscu Nº 2",2019,38
"Naranjal",2014,536
"Naranjal",2015,636
"Naranjal",2016,510
"Naranjal",2017,538
"Naranjal",2018,490
"Naranjal",2019,225
"Nueva Villa de Aburra",2014,35
"Nueva Villa de Aburra",2015,34
"Nueva Villa de Aburra",2016,32
"Nueva Villa de Aburra",2017,41
"Nueva Villa de Aburra",2018,31
"Nueva Villa de Aburra",2019,12
"Nuevos Conquistadores",2014,22
"Nuevos Conquistadores",2015,25
"Nuevos Conquistadores",2016,24
"Nuevos Conquistadores",2017,13
"Nuevos Conquistadores",2018,14
"Nuevos Conquistadores",2019,8
"Ocho de Marzo",2014,7
"Ocho de Marzo",2015,10
"Ocho de Marzo",2016,8
"Ocho de Marzo",2017,11
"Ocho de Marzo",2018,12
"Ocho de Marzo",2019,5
"Olaya Herrera",2014,30
"Olaya Herrera",2015,32
"Olaya Herrera",2016,27
"Olaya Herrera",2017,48
"Olaya Herrera",2018,47
"Olaya Herrera",2019,28
"Oriente",2014,16
"Oriente",2015,16
"Oriente",2016,21
"Oriente",2017,15
"Oriente",2018,22
"Oriente",2019,7
"Pablo VI",2014,19
"Pablo VI",2015,22
"Pablo VI",2016,20
"Pablo VI",2017,19
"Pablo VI",2018,12
"Pablo VI",2019,10
"Pajarito",2014,8
"Pajarito",2015,16
"Pajarito",2016,21
"Pajarito",2017,25
"Pajarito",2018,33
"Pajarito",2019,25
"Palenque",2014,99
"Palenque",2015,85
"Palenque",2016,89
"Palenque",2017,55
"Palenque",2018,71
"Palenque",2019,21
"Palermo",2014,43
"Palermo",2015,53
"Palermo",2016,65
"Palermo",2017,88
"Palermo",2018,109
"Palermo",2019,53
"Palmitas Sector Central",2019,2
"Patio Bonito",2014,188
"Patio Bonito",2015,177
"Patio Bonito",2016,172
"Patio Bonito",2017,219
"Patio Bonito",2018,205
"Patio Bonito",2019,106
"Pedregal",2014,187
"Pedregal",2015,178
"Pedregal",2016,171
"Pedregal",2017,180
"Pedregal",2018,185
"Pedregal",2019,84
"Pedregal Alto",2014,5
"Pedregal Alto",2015,9
"Pedregal Alto",2016,10
"Pedregal Alto",2017,9
"Pedregal Alto",2018,13
"Pedregal Alto",2019,4
"Pedregal Bajo",2014,33
"Pedregal Bajo",2015,27
"Pedregal Bajo",2016,24
"Pedregal Bajo",2017,12
"Pedregal Bajo",2018,3
"Pedregal Bajo",2019,3
"Perpetuo Socorro",2014,775
"Perpetuo Socorro",2015,804
"Perpetuo Socorro",2016,875
"Perpetuo Socorro",2017,872
"Perpetuo Socorro",2018,797
"Perpetuo Socorro",2019,399
"Picachito",2014,12
"Picachito",2015,11
"Picachito",2016,13
"Picachito",2017,18
"Picachito",2018,22
"Picachito",2019,11
"Picacho",2014,147
"Picacho",2015,155
"Picacho",2016,168
"Picacho",2017,156
"Picacho",2018,146
"Picacho",2019,71
"Piedra Gorda",2017,1
"Piedras Blancas",2014,14
"Piedras Blancas",2015,23
"Piedras Blancas",2016,16
"Piedras Blancas",2017,25
"Piedras Blancas",2018,21
"Piedras Blancas",2019,8
"Piedras Blancas - Matasano",2015,1
"Piedras Blancas Represa",2014,1
"Piedras Blancas Represa",2015,1
"Piedras Blancas Represa",2016,2
"Piedras Blancas Represa",2018,1
"Popular",2014,121
"Popular",2015,95
"Popular",2016,88
"Popular",2017,78
"Popular",2018,81
"Popular",2019,40
"Potrerito",2014,2
"Potrerito",2015,1
"Potrerito",2017,1
"Potrerito",2018,1
"Prado",2014,463
"Prado",2015,434
"Prado",2016,402
"Prado",2017,380
"Prado",2018,348
"Prado",2019,183
"Robledo",2014,875
"Robledo",2015,936
"Robledo",2016,914
"Robledo",2017,836
"Robledo",2018,712
"Robledo",2019,347
"Rosales",2014,268
"Rosales",2015,286
"Rosales",2016,330
"Rosales",2017,308
"Rosales",2018,313
"Rosales",2019,112
"San Antonio",2014,7
"San Antonio",2015,7
"San Antonio",2016,6
"San Antonio",2017,2
"San Antonio",2018,1
"San Antonio",2019,3
"San Benito",2014,696
"San Benito",2015,868
"San Benito",2016,730
"San Benito",2017,565
"San Benito",2018,578
"San Benito",2019,266
"San Bernardo",2014,182
"San Bernardo",2015,191
"San Bernardo",2016,239
"San Bernardo",2017,208
"San Bernardo",2018,189
"San Bernardo",2019,80
"San Diego",2014,548
"San Diego",2015,584
"San Diego",2016,598
"San Diego",2017,587
"San Diego",2018,543
"San Diego",2019,241
"San German",2014,101
"San German",2015,115
"San German",2016,127
"San German",2017,133
"San German",2018,175
"San German",2019,68
"San Isidro",2014,158
"San Isidro",2015,185
"San Isidro",2016,229
"San Isidro",2017,228
"San Isidro",2018,208
"San Isidro",2019,117
"San Javier Nº 1",2014,161
"San Javier Nº 1",2015,139
"San Javier Nº 1",2016,150
"San Javier Nº 1",2017,153
"San Javier Nº 1",2018,123
"San Javier Nº 1",2019,49
"San Javier Nº 2",2014,68
"San Javier Nº 2",2015,51
"San Javier Nº 2",2016,75
"San Javier Nº 2",2017,49
"San Javier Nº 2",2018,48
"San Javier Nº 2",2019,23
"San Joaquin",2014,132
"San Joaquin",2015,136
"San Joaquin",2016,161
"San Joaquin",2017,106
"San Joaquin",2018,129
"San Joaquin",2019,53
"San Jose de la Montana",2017,1
"San Jose de la Montana",2018,1
"San Jose de la Montana",2019,1
"San Jose La Cima Nº 1",2014,5
"San Jose La Cima Nº 1",2015,11
"San Jose La Cima Nº 1",2016,8
"San Jose La Cima Nº 1",2017,7
"San Jose La Cima Nº 1",2018,5
"San Jose La Cima Nº 1",2019,2
"San Jose La Cima Nº 2",2014,8
"San Jose La Cima Nº 2",2015,4
"San Jose La Cima Nº 2",2016,2
"San Jose La Cima Nº 2",2017,3
"San Jose La Cima Nº 2",2018,3
"San Jose La Cima Nº 2",2019,1
"San Lucas",2014,33
"San Lucas",2015,21
"San Lucas",2016,29
"San Lucas",2017,51
"San Lucas",2018,54
"San Lucas",2019,20
"San Martin de Porres",2014,122
"San Martin de Porres",2015,121
"San Martin de Porres",2016,115
"San Martin de Porres",2017,125
"San Martin de Porres",2018,131
"San Martin de Porres",2019,56
"San Miguel",2014,192
"San Miguel",2015,168
"San Miguel",2016,151
"San Miguel",2017,161
"San Miguel",2018,139
"San Miguel",2019,73
"San Pablo",2014,75
"San Pablo",2015,86
"San Pablo",2016,76
"San Pablo",2017,67
"San Pablo",2018,60
"San Pablo",2019,26
"San Pedro",2014,203
"San Pedro",2015,186
"San Pedro",2016,206
"San Pedro",2017,180
"San Pedro",2018,177
"San Pedro",2019,63
"Santa Cruz",2014,79
"Santa Cruz",2015,53
"Santa Cruz",2016,54
"Santa Cruz",2017,56
"Santa Cruz",2018,71
"Santa Cruz",2019,27
"Santa Fe",2014,673
"Santa Fe",2015,575
"Santa Fe",2016,696
"Santa Fe",2017,717
"Santa Fe",2018,716
"Santa Fe",2019,323
"Santa Ines",2014,136
"Santa Ines",2015,99
"Santa Ines",2016,109
"Santa Ines",2017,90
"Santa Ines",2018,115
"Santa Ines",2019,48
"Santa Lucia",2014,46
"Santa Lucia",2015,56
"Santa Lucia",2016,43
"Santa Lucia",2017,63
"Santa Lucia",2018,47
"Santa Lucia",2019,15
"Santa Margarita",2014,22
"Santa Margarita",2015,25
"Santa Margarita",2016,29
"Santa Margarita",2017,56
"Santa Margarita",2018,84
"Santa Margarita",2019,38
"Santa Maria de los angeles",2014,165
"Santa Maria de los angeles",2015,175
"Santa Maria de los angeles",2016,185
"Santa Maria de los angeles",2017,274
"Santa Maria de los angeles",2018,174
"Santa Maria de los angeles",2019,78
"Santa Maria de Los angeles",2017,1
"Santa Monica",2014,82
"Santa Monica",2015,79
"Santa Monica",2016,99
"Santa Monica",2017,76
"Santa Monica",2018,64
"Santa Monica",2019,25
"Santa Rosa de Lima",2014,7
"Santa Rosa de Lima",2015,4
"Santa Rosa de Lima",2016,1
"Santa Rosa de Lima",2017,8
"Santa Rosa de Lima",2018,6
"Santa Rosa de Lima",2019,1
"Santa Teresita",2014,55
"Santa Teresita",2015,55
"Santa Teresita",2016,56
"Santa Teresita",2017,57
"Santa Teresita",2018,57
"Santa Teresita",2019,26
"Santander",2014,98
"Santander",2015,91
"Santander",2016,112
"Santander",2017,130
"Santander",2018,104
"Santander",2019,43
"Santo Domingo Savio Nº 1",2014,118
"Santo Domingo Savio Nº 1",2015,101
"Santo Domingo Savio Nº 1",2016,110
"Santo Domingo Savio Nº 1",2017,82
"Santo Domingo Savio Nº 1",2018,95
"Santo Domingo Savio Nº 1",2019,49
"Santo Domingo Savio Nº 2",2014,39
"Santo Domingo Savio Nº 2",2015,36
"Santo Domingo Savio Nº 2",2016,41
"Santo Domingo Savio Nº 2",2017,32
"Santo Domingo Savio Nº 2",2018,27
"Santo Domingo Savio Nº 2",2019,6
"Sevilla",2014,252
"Sevilla",2015,244
"Sevilla",2016,235
"Sevilla",2017,295
"Sevilla",2018,236
"Sevilla",2019,110
"Simon Bolivar",2014,66
"Simon Bolivar",2015,100
"Simon Bolivar",2016,89
"Simon Bolivar",2017,80
"Simon Bolivar",2018,78
"Simon Bolivar",2019,49
"Sin Nombre",2014,2
"Sin Nombre",2015,2
"Sin Nombre",2018,1
"SUBURB El Plan",2019,7
"Suburbano Altavista",2014,18
"Suburbano Altavista",2015,23
"Suburbano Altavista",2016,15
"Suburbano Altavista",2017,19
"Suburbano Altavista",2018,12
"Suburbano Altavista",2019,7
"Suburbano Chacaltaya",2015,2
"Suburbano Chacaltaya",2016,1
"Suburbano Chacaltaya",2017,4
"Suburbano El Llano",2015,1
"Suburbano El Llano",2017,9
"Suburbano El Llano",2018,11
"Suburbano El Llano",2019,9
"Suburbano El Plan",2014,171
"Suburbano El Plan",2015,86
"Suburbano El Plan",2016,33
"Suburbano El Plan",2017,20
"Suburbano el Tesoro",2014,3
"Suburbano el Tesoro",2015,5
"Suburbano el Tesoro",2016,2
"Suburbano el Tesoro",2017,3
"Suburbano el Tesoro",2018,7
"Suburbano el Tesoro",2019,3
"Suburbano La Loma",2014,40
"Suburbano La Loma",2015,48
"Suburbano La Loma",2016,54
"Suburbano La Loma",2017,34
"Suburbano La Loma",2018,58
"Suburbano La Loma",2019,18
"Suburbano Mirador del Poblado",2014,7
"Suburbano Mirador del Poblado",2015,12
"Suburbano Mirador del Poblado",2016,6
"Suburbano Mirador del Poblado",2017,15
"Suburbano Mirador del Poblado",2018,20
"Suburbano Mirador del Poblado",2019,6
"Suburbano Palma Patio",2014,4
"Suburbano Palma Patio",2015,4
"Suburbano Palma Patio",2016,5
"Suburbano Palma Patio",2017,6
"Suburbano Palma Patio",2018,5
"Suburbano Palma Patio",2019,5
"Suburbano Palmitas",2015,2
"Suburbano Palmitas",2016,4
"Suburbano Palmitas",2017,3
"Suburbano Palmitas",2018,1
"Suburbano Pedregal alto",2014,5
"Suburbano Pedregal alto",2015,4
"Suburbano Pedregal alto",2016,11
"Suburbano Pedregal alto",2017,1
"Suburbano Pedregal alto",2018,2
"Suburbano Pedregal alto",2019,2
"Suburbano Potrerito",2017,1
"Suburbano Travesias",2014,15
"Suburbano Travesias",2015,9
"Suburbano Travesias",2016,21
"Suburbano Travesias",2017,13
"Suburbano Travesias",2018,21
"Suburbano Travesias",2019,9
"Sucre",2014,145
"Sucre",2015,148
"Sucre",2016,147
"Sucre",2017,119
"Sucre",2018,120
"Sucre",2019,74
"Suramericana",2014,331
"Suramericana",2015,359
"Suramericana",2016,301
"Suramericana",2017,356
"Suramericana",2018,312
"Suramericana",2019,148
"Tejelo",2014,132
"Tejelo",2015,124
"Tejelo",2016,174
"Tejelo",2017,136
"Tejelo",2018,157
"Tejelo",2019,57
"Tenche",2014,180
"Tenche",2015,227
"Tenche",2016,241
"Tenche",2017,176
"Tenche",2018,179
"Tenche",2019,107
"Toscana",2014,115
"Toscana",2015,129
"Toscana",2016,133
"Toscana",2017,205
"Toscana",2018,233
"Toscana",2019,127
"Travesias",2017,1
"Trece de Noviembre",2014,9
"Trece de Noviembre",2015,6
"Trece de Noviembre",2016,14
"Trece de Noviembre",2017,15
"Trece de Noviembre",2018,12
"Trece de Noviembre",2019,4
"Tricentenario",2014,180
"Tricentenario",2015,178
"Tricentenario",2016,190
"Tricentenario",2017,218
"Tricentenario",2018,206
"Tricentenario",2019,86
"Trinidad",2014,226
"Trinidad",2015,229
"Trinidad",2016,234
"Trinidad",2017,199
"Trinidad",2018,186
"Trinidad",2019,94
"Veinte de Julio",2014,90
"Veinte de Julio",2015,72
"Veinte de Julio",2016,72
"Veinte de Julio",2017,65
"Veinte de Julio",2018,61
"Veinte de Julio",2019,20
"Versalles Nº 1",2014,111
"Versalles Nº 1",2015,116
"Versalles Nº 1",2016,103
"Versalles Nº 1",2017,103
"Versalles Nº 1",2018,79
"Versalles Nº 1",2019,42
"Versalles Nº 2",2014,11
"Versalles Nº 2",2015,11
"Versalles Nº 2",2016,9
"Versalles Nº 2",2017,15
"Versalles Nº 2",2018,11
"Versalles Nº 2",2019,8
"Villa Carlota",2014,411
"Villa Carlota",2015,414
"Villa Carlota",2016,475
"Villa Carlota",2017,439
"Villa Carlota",2018,491
"Villa Carlota",2019,213
"Villa de La Iguana",2014,83
"Villa de La Iguana",2015,78
"Villa de La Iguana",2016,87
"Villa de La Iguana",2017,91
"Villa de La Iguana",2018,90
"Villa de La Iguana",2019,34
"Villa del Socorro",2014,87
"Villa del Socorro",2015,79
"Villa del Socorro",2016,101
"Villa del Socorro",2017,77
"Villa del Socorro",2018,85
"Villa del Socorro",2019,41
"Villa Flora",2014,156
"Villa Flora",2015,179
"Villa Flora",2016,153
"Villa Flora",2017,156
"Villa Flora",2018,176
"Villa Flora",2019,82
"Villa Guadalupe",2014,78
"Villa Guadalupe",2015,69
"Villa Guadalupe",2016,60
"Villa Guadalupe",2017,75
"Villa Guadalupe",2018,81
"Villa Guadalupe",2019,45
"Villa Hermosa",2014,124
"Villa Hermosa",2015,113
"Villa Hermosa",2016,108
"Villa Hermosa",2017,98
"Villa Hermosa",2018,113
"Villa Hermosa",2019,51
"Villa Lilliam",2014,22
"Villa Lilliam",2015,26
"Villa Lilliam",2016,23
"Villa Lilliam",2017,21
"Villa Lilliam",2018,28
"Villa Lilliam",2019,11
"Villa Niza",2014,38
"Villa Niza",2015,35
"Villa Niza",2016,24
"Villa Niza",2017,39
"Villa Niza",2018,38
"Villa Niza",2019,9
"Villa Nueva",2014,602
"Villa Nueva",2015,638
"Villa Nueva",2016,552
"Villa Nueva",2017,568
"Villa Nueva",2018,548
"Villa Nueva",2019,325
"Villa Turbay",2014,10
"Villa Turbay",2015,10
"Villa Turbay",2016,11
"Villa Turbay",2017,4
"Villa Turbay",2018,8
"Villa Turbay",2019,4
"Villatina",2014,89
"Villatina",2015,95
"Villatina",2016,103
"Villatina",2017,84
"Villatina",2018,100
"Villatina",2019,38
"Volcana Guayabal",2018,1
"Yolombo",2014,1
"Yolombo",2016,1
"Yolombo",2017,2
"Yolombo",2018,13
"Yolombo",2019,6
"Zona rural",2014,97
"Zona rural",2015,63
"Zona rural",2016,49
"Zona rural",2017,9
"Zona rural",2018,40
"Zona rural",2019,16
