"","N_FECHAS","N_DIA_SEMANA","N_DIA_LABORAL"
"1",2014-01-01,"miércoles","Festivo"
"2",2014-01-02,"jueves","Laboral"
"3",2014-01-03,"viernes","Laboral"
"4",2014-01-04,"sábado","Fin de semana"
"5",2014-01-05,"domingo","Fin de semana"
"6",2014-01-06,"lunes","Festivo"
"7",2014-01-07,"martes","Laboral"
"8",2014-01-08,"miércoles","Laboral"
"9",2014-01-09,"jueves","Laboral"
"10",2014-01-10,"viernes","Laboral"
"11",2014-01-11,"sábado","Fin de semana"
"12",2014-01-12,"domingo","Fin de semana"
"13",2014-01-13,"lunes","Laboral"
"14",2014-01-14,"martes","Laboral"
"15",2014-01-15,"miércoles","Laboral"
"16",2014-01-16,"jueves","Laboral"
"17",2014-01-17,"viernes","Laboral"
"18",2014-01-18,"sábado","Fin de semana"
"19",2014-01-19,"domingo","Fin de semana"
"20",2014-01-20,"lunes","Laboral"
"21",2014-01-21,"martes","Laboral"
"22",2014-01-22,"miércoles","Laboral"
"23",2014-01-23,"jueves","Laboral"
"24",2014-01-24,"viernes","Laboral"
"25",2014-01-25,"sábado","Fin de semana"
"26",2014-01-26,"domingo","Fin de semana"
"27",2014-01-27,"lunes","Laboral"
"28",2014-01-28,"martes","Laboral"
"29",2014-01-29,"miércoles","Laboral"
"30",2014-01-30,"jueves","Laboral"
"31",2014-01-31,"viernes","Laboral"
"32",2014-02-01,"sábado","Fin de semana"
"33",2014-02-02,"domingo","Fin de semana"
"34",2014-02-03,"lunes","Laboral"
"35",2014-02-04,"martes","Laboral"
"36",2014-02-05,"miércoles","Laboral"
"37",2014-02-06,"jueves","Laboral"
"38",2014-02-07,"viernes","Laboral"
"39",2014-02-08,"sábado","Fin de semana"
"40",2014-02-09,"domingo","Fin de semana"
"41",2014-02-10,"lunes","Laboral"
"42",2014-02-11,"martes","Laboral"
"43",2014-02-12,"miércoles","Laboral"
"44",2014-02-13,"jueves","Laboral"
"45",2014-02-14,"viernes","Laboral"
"46",2014-02-15,"sábado","Fin de semana"
"47",2014-02-16,"domingo","Fin de semana"
"48",2014-02-17,"lunes","Laboral"
"49",2014-02-18,"martes","Laboral"
"50",2014-02-19,"miércoles","Laboral"
"51",2014-02-20,"jueves","Laboral"
"52",2014-02-21,"viernes","Laboral"
"53",2014-02-22,"sábado","Fin de semana"
"54",2014-02-23,"domingo","Fin de semana"
"55",2014-02-24,"lunes","Laboral"
"56",2014-02-25,"martes","Laboral"
"57",2014-02-26,"miércoles","Laboral"
"58",2014-02-27,"jueves","Laboral"
"59",2014-02-28,"viernes","Laboral"
"60",2014-03-01,"sábado","Fin de semana"
"61",2014-03-02,"domingo","Fin de semana"
"62",2014-03-03,"lunes","Laboral"
"63",2014-03-04,"martes","Laboral"
"64",2014-03-05,"miércoles","Laboral"
"65",2014-03-06,"jueves","Laboral"
"66",2014-03-07,"viernes","Laboral"
"67",2014-03-08,"sábado","Fin de semana"
"68",2014-03-09,"domingo","Fin de semana"
"69",2014-03-10,"lunes","Laboral"
"70",2014-03-11,"martes","Laboral"
"71",2014-03-12,"miércoles","Laboral"
"72",2014-03-13,"jueves","Laboral"
"73",2014-03-14,"viernes","Laboral"
"74",2014-03-15,"sábado","Fin de semana"
"75",2014-03-16,"domingo","Fin de semana"
"76",2014-03-17,"lunes","Laboral"
"77",2014-03-18,"martes","Laboral"
"78",2014-03-19,"miércoles","Laboral"
"79",2014-03-20,"jueves","Laboral"
"80",2014-03-21,"viernes","Laboral"
"81",2014-03-22,"sábado","Fin de semana"
"82",2014-03-23,"domingo","Fin de semana"
"83",2014-03-24,"lunes","Festivo"
"84",2014-03-25,"martes","Laboral"
"85",2014-03-26,"miércoles","Laboral"
"86",2014-03-27,"jueves","Laboral"
"87",2014-03-28,"viernes","Laboral"
"88",2014-03-29,"sábado","Fin de semana"
"89",2014-03-30,"domingo","Fin de semana"
"90",2014-03-31,"lunes","Laboral"
"91",2014-04-01,"martes","Laboral"
"92",2014-04-02,"miércoles","Laboral"
"93",2014-04-03,"jueves","Laboral"
"94",2014-04-04,"viernes","Laboral"
"95",2014-04-05,"sábado","Fin de semana"
"96",2014-04-06,"domingo","Fin de semana"
"97",2014-04-07,"lunes","Laboral"
"98",2014-04-08,"martes","Laboral"
"99",2014-04-09,"miércoles","Laboral"
"100",2014-04-10,"jueves","Laboral"
"101",2014-04-11,"viernes","Laboral"
"102",2014-04-12,"sábado","Fin de semana"
"103",2014-04-13,"domingo","Fin de semana"
"104",2014-04-14,"lunes","Laboral"
"105",2014-04-15,"martes","Laboral"
"106",2014-04-16,"miércoles","Laboral"
"107",2014-04-17,"jueves","Festivo"
"108",2014-04-18,"viernes","Festivo"
"109",2014-04-19,"sábado","Fin de semana"
"110",2014-04-20,"domingo","Fin de semana"
"111",2014-04-21,"lunes","Laboral"
"112",2014-04-22,"martes","Laboral"
"113",2014-04-23,"miércoles","Laboral"
"114",2014-04-24,"jueves","Laboral"
"115",2014-04-25,"viernes","Laboral"
"116",2014-04-26,"sábado","Fin de semana"
"117",2014-04-27,"domingo","Fin de semana"
"118",2014-04-28,"lunes","Laboral"
"119",2014-04-29,"martes","Laboral"
"120",2014-04-30,"miércoles","Laboral"
"121",2014-05-01,"jueves","Festivo"
"122",2014-05-02,"viernes","Laboral"
"123",2014-05-03,"sábado","Fin de semana"
"124",2014-05-04,"domingo","Fin de semana"
"125",2014-05-05,"lunes","Laboral"
"126",2014-05-06,"martes","Laboral"
"127",2014-05-07,"miércoles","Laboral"
"128",2014-05-08,"jueves","Laboral"
"129",2014-05-09,"viernes","Laboral"
"130",2014-05-10,"sábado","Fin de semana"
"131",2014-05-11,"domingo","Fin de semana"
"132",2014-05-12,"lunes","Laboral"
"133",2014-05-13,"martes","Laboral"
"134",2014-05-14,"miércoles","Laboral"
"135",2014-05-15,"jueves","Laboral"
"136",2014-05-16,"viernes","Laboral"
"137",2014-05-17,"sábado","Fin de semana"
"138",2014-05-18,"domingo","Fin de semana"
"139",2014-05-19,"lunes","Laboral"
"140",2014-05-20,"martes","Laboral"
"141",2014-05-21,"miércoles","Laboral"
"142",2014-05-22,"jueves","Laboral"
"143",2014-05-23,"viernes","Laboral"
"144",2014-05-24,"sábado","Fin de semana"
"145",2014-05-25,"domingo","Fin de semana"
"146",2014-05-26,"lunes","Laboral"
"147",2014-05-27,"martes","Laboral"
"148",2014-05-28,"miércoles","Laboral"
"149",2014-05-29,"jueves","Laboral"
"150",2014-05-30,"viernes","Laboral"
"151",2014-05-31,"sábado","Fin de semana"
"152",2014-06-01,"domingo","Fin de semana"
"153",2014-06-02,"lunes","Festivo"
"154",2014-06-03,"martes","Laboral"
"155",2014-06-04,"miércoles","Laboral"
"156",2014-06-05,"jueves","Laboral"
"157",2014-06-06,"viernes","Laboral"
"158",2014-06-07,"sábado","Fin de semana"
"159",2014-06-08,"domingo","Fin de semana"
"160",2014-06-09,"lunes","Laboral"
"161",2014-06-10,"martes","Laboral"
"162",2014-06-11,"miércoles","Laboral"
"163",2014-06-12,"jueves","Laboral"
"164",2014-06-13,"viernes","Laboral"
"165",2014-06-14,"sábado","Fin de semana"
"166",2014-06-15,"domingo","Fin de semana"
"167",2014-06-16,"lunes","Laboral"
"168",2014-06-17,"martes","Laboral"
"169",2014-06-18,"miércoles","Laboral"
"170",2014-06-19,"jueves","Laboral"
"171",2014-06-20,"viernes","Laboral"
"172",2014-06-21,"sábado","Fin de semana"
"173",2014-06-22,"domingo","Fin de semana"
"174",2014-06-23,"lunes","Festivo"
"175",2014-06-24,"martes","Laboral"
"176",2014-06-25,"miércoles","Laboral"
"177",2014-06-26,"jueves","Laboral"
"178",2014-06-27,"viernes","Laboral"
"179",2014-06-28,"sábado","Fin de semana"
"180",2014-06-29,"domingo","Fin de semana"
"181",2014-06-30,"lunes","Festivo"
"182",2014-07-01,"martes","Laboral"
"183",2014-07-02,"miércoles","Laboral"
"184",2014-07-03,"jueves","Laboral"
"185",2014-07-04,"viernes","Laboral"
"186",2014-07-05,"sábado","Fin de semana"
"187",2014-07-06,"domingo","Fin de semana"
"188",2014-07-07,"lunes","Laboral"
"189",2014-07-08,"martes","Laboral"
"190",2014-07-09,"miércoles","Laboral"
"191",2014-07-10,"jueves","Laboral"
"192",2014-07-11,"viernes","Laboral"
"193",2014-07-12,"sábado","Fin de semana"
"194",2014-07-13,"domingo","Fin de semana"
"195",2014-07-14,"lunes","Laboral"
"196",2014-07-15,"martes","Laboral"
"197",2014-07-16,"miércoles","Laboral"
"198",2014-07-17,"jueves","Laboral"
"199",2014-07-18,"viernes","Laboral"
"200",2014-07-19,"sábado","Fin de semana"
"201",2014-07-20,"domingo","Fin de semana"
"202",2014-07-21,"lunes","Laboral"
"203",2014-07-22,"martes","Laboral"
"204",2014-07-23,"miércoles","Laboral"
"205",2014-07-24,"jueves","Laboral"
"206",2014-07-25,"viernes","Laboral"
"207",2014-07-26,"sábado","Fin de semana"
"208",2014-07-27,"domingo","Fin de semana"
"209",2014-07-28,"lunes","Laboral"
"210",2014-07-29,"martes","Laboral"
"211",2014-07-30,"miércoles","Laboral"
"212",2014-07-31,"jueves","Laboral"
"213",2014-08-01,"viernes","Laboral"
"214",2014-08-02,"sábado","Fin de semana"
"215",2014-08-03,"domingo","Fin de semana"
"216",2014-08-04,"lunes","Laboral"
"217",2014-08-05,"martes","Laboral"
"218",2014-08-06,"miércoles","Laboral"
"219",2014-08-07,"jueves","Festivo"
"220",2014-08-08,"viernes","Laboral"
"221",2014-08-09,"sábado","Fin de semana"
"222",2014-08-10,"domingo","Fin de semana"
"223",2014-08-11,"lunes","Laboral"
"224",2014-08-12,"martes","Laboral"
"225",2014-08-13,"miércoles","Laboral"
"226",2014-08-14,"jueves","Laboral"
"227",2014-08-15,"viernes","Laboral"
"228",2014-08-16,"sábado","Fin de semana"
"229",2014-08-17,"domingo","Fin de semana"
"230",2014-08-18,"lunes","Festivo"
"231",2014-08-19,"martes","Laboral"
"232",2014-08-20,"miércoles","Laboral"
"233",2014-08-21,"jueves","Laboral"
"234",2014-08-22,"viernes","Laboral"
"235",2014-08-23,"sábado","Fin de semana"
"236",2014-08-24,"domingo","Fin de semana"
"237",2014-08-25,"lunes","Laboral"
"238",2014-08-26,"martes","Laboral"
"239",2014-08-27,"miércoles","Laboral"
"240",2014-08-28,"jueves","Laboral"
"241",2014-08-29,"viernes","Laboral"
"242",2014-08-30,"sábado","Fin de semana"
"243",2014-08-31,"domingo","Fin de semana"
"244",2014-09-01,"lunes","Laboral"
"245",2014-09-02,"martes","Laboral"
"246",2014-09-03,"miércoles","Laboral"
"247",2014-09-04,"jueves","Laboral"
"248",2014-09-05,"viernes","Laboral"
"249",2014-09-06,"sábado","Fin de semana"
"250",2014-09-07,"domingo","Fin de semana"
"251",2014-09-08,"lunes","Laboral"
"252",2014-09-09,"martes","Laboral"
"253",2014-09-10,"miércoles","Laboral"
"254",2014-09-11,"jueves","Laboral"
"255",2014-09-12,"viernes","Laboral"
"256",2014-09-13,"sábado","Fin de semana"
"257",2014-09-14,"domingo","Fin de semana"
"258",2014-09-15,"lunes","Laboral"
"259",2014-09-16,"martes","Laboral"
"260",2014-09-17,"miércoles","Laboral"
"261",2014-09-18,"jueves","Laboral"
"262",2014-09-19,"viernes","Laboral"
"263",2014-09-20,"sábado","Fin de semana"
"264",2014-09-21,"domingo","Fin de semana"
"265",2014-09-22,"lunes","Laboral"
"266",2014-09-23,"martes","Laboral"
"267",2014-09-24,"miércoles","Laboral"
"268",2014-09-25,"jueves","Laboral"
"269",2014-09-26,"viernes","Laboral"
"270",2014-09-27,"sábado","Fin de semana"
"271",2014-09-28,"domingo","Fin de semana"
"272",2014-09-29,"lunes","Laboral"
"273",2014-09-30,"martes","Laboral"
"274",2014-10-01,"miércoles","Laboral"
"275",2014-10-02,"jueves","Laboral"
"276",2014-10-03,"viernes","Festivo"
"277",2014-10-04,"sábado","Fin de semana"
"278",2014-10-05,"domingo","Fin de semana"
"279",2014-10-06,"lunes","Laboral"
"280",2014-10-07,"martes","Laboral"
"281",2014-10-08,"miércoles","Laboral"
"282",2014-10-09,"jueves","Laboral"
"283",2014-10-10,"viernes","Laboral"
"284",2014-10-11,"sábado","Fin de semana"
"285",2014-10-12,"domingo","Fin de semana"
"286",2014-10-13,"lunes","Laboral"
"287",2014-10-14,"martes","Laboral"
"288",2014-10-15,"miércoles","Laboral"
"289",2014-10-16,"jueves","Laboral"
"290",2014-10-17,"viernes","Festivo"
"291",2014-10-18,"sábado","Fin de semana"
"292",2014-10-19,"domingo","Fin de semana"
"293",2014-10-20,"lunes","Laboral"
"294",2014-10-21,"martes","Laboral"
"295",2014-10-22,"miércoles","Laboral"
"296",2014-10-23,"jueves","Laboral"
"297",2014-10-24,"viernes","Laboral"
"298",2014-10-25,"sábado","Fin de semana"
"299",2014-10-26,"domingo","Fin de semana"
"300",2014-10-27,"lunes","Laboral"
"301",2014-10-28,"martes","Laboral"
"302",2014-10-29,"miércoles","Laboral"
"303",2014-10-30,"jueves","Laboral"
"304",2014-10-31,"viernes","Laboral"
"305",2014-11-01,"sábado","Fin de semana"
"306",2014-11-02,"domingo","Fin de semana"
"307",2014-11-03,"lunes","Laboral"
"308",2014-11-04,"martes","Laboral"
"309",2014-11-05,"miércoles","Laboral"
"310",2014-11-06,"jueves","Laboral"
"311",2014-11-07,"viernes","Laboral"
"312",2014-11-08,"sábado","Fin de semana"
"313",2014-11-09,"domingo","Fin de semana"
"314",2014-11-10,"lunes","Laboral"
"315",2014-11-11,"martes","Laboral"
"316",2014-11-12,"miércoles","Laboral"
"317",2014-11-13,"jueves","Laboral"
"318",2014-11-14,"viernes","Laboral"
"319",2014-11-15,"sábado","Fin de semana"
"320",2014-11-16,"domingo","Fin de semana"
"321",2014-11-17,"lunes","Laboral"
"322",2014-11-18,"martes","Laboral"
"323",2014-11-19,"miércoles","Laboral"
"324",2014-11-20,"jueves","Laboral"
"325",2014-11-21,"viernes","Laboral"
"326",2014-11-22,"sábado","Fin de semana"
"327",2014-11-23,"domingo","Fin de semana"
"328",2014-11-24,"lunes","Laboral"
"329",2014-11-25,"martes","Festivo"
"330",2014-11-26,"miércoles","Laboral"
"331",2014-11-27,"jueves","Laboral"
"332",2014-11-28,"viernes","Laboral"
"333",2014-11-29,"sábado","Fin de semana"
"334",2014-11-30,"domingo","Fin de semana"
"335",2014-12-01,"lunes","Laboral"
"336",2014-12-02,"martes","Laboral"
"337",2014-12-03,"miércoles","Laboral"
"338",2014-12-04,"jueves","Laboral"
"339",2014-12-05,"viernes","Laboral"
"340",2014-12-06,"sábado","Fin de semana"
"341",2014-12-07,"domingo","Fin de semana"
"342",2014-12-08,"lunes","Laboral"
"343",2014-12-09,"martes","Laboral"
"344",2014-12-10,"miércoles","Laboral"
"345",2014-12-11,"jueves","Laboral"
"346",2014-12-12,"viernes","Laboral"
"347",2014-12-13,"sábado","Fin de semana"
"348",2014-12-14,"domingo","Fin de semana"
"349",2014-12-15,"lunes","Laboral"
"350",2014-12-16,"martes","Laboral"
"351",2014-12-17,"miércoles","Laboral"
"352",2014-12-18,"jueves","Laboral"
"353",2014-12-19,"viernes","Laboral"
"354",2014-12-20,"sábado","Fin de semana"
"355",2014-12-21,"domingo","Fin de semana"
"356",2014-12-22,"lunes","Laboral"
"357",2014-12-23,"martes","Laboral"
"358",2014-12-24,"miércoles","Laboral"
"359",2014-12-25,"jueves","Laboral"
"360",2014-12-26,"viernes","Laboral"
"361",2014-12-27,"sábado","Fin de semana"
"362",2014-12-28,"domingo","Fin de semana"
"363",2014-12-29,"lunes","Laboral"
"364",2014-12-30,"martes","Laboral"
"365",2014-12-31,"miércoles","Laboral"
"366",2015-01-01,"jueves","Festivo"
"367",2015-01-02,"viernes","Laboral"
"368",2015-01-03,"sábado","Fin de semana"
"369",2015-01-04,"domingo","Fin de semana"
"370",2015-01-05,"lunes","Laboral"
"371",2015-01-06,"martes","Laboral"
"372",2015-01-07,"miércoles","Laboral"
"373",2015-01-08,"jueves","Laboral"
"374",2015-01-09,"viernes","Laboral"
"375",2015-01-10,"sábado","Fin de semana"
"376",2015-01-11,"domingo","Fin de semana"
"377",2015-01-12,"lunes","Festivo"
"378",2015-01-13,"martes","Laboral"
"379",2015-01-14,"miércoles","Laboral"
"380",2015-01-15,"jueves","Laboral"
"381",2015-01-16,"viernes","Laboral"
"382",2015-01-17,"sábado","Fin de semana"
"383",2015-01-18,"domingo","Fin de semana"
"384",2015-01-19,"lunes","Laboral"
"385",2015-01-20,"martes","Laboral"
"386",2015-01-21,"miércoles","Laboral"
"387",2015-01-22,"jueves","Laboral"
"388",2015-01-23,"viernes","Laboral"
"389",2015-01-24,"sábado","Fin de semana"
"390",2015-01-25,"domingo","Fin de semana"
"391",2015-01-26,"lunes","Laboral"
"392",2015-01-27,"martes","Laboral"
"393",2015-01-28,"miércoles","Laboral"
"394",2015-01-29,"jueves","Laboral"
"395",2015-01-30,"viernes","Laboral"
"396",2015-01-31,"sábado","Fin de semana"
"397",2015-02-01,"domingo","Fin de semana"
"398",2015-02-02,"lunes","Laboral"
"399",2015-02-03,"martes","Laboral"
"400",2015-02-04,"miércoles","Laboral"
"401",2015-02-05,"jueves","Laboral"
"402",2015-02-06,"viernes","Laboral"
"403",2015-02-07,"sábado","Fin de semana"
"404",2015-02-08,"domingo","Fin de semana"
"405",2015-02-09,"lunes","Laboral"
"406",2015-02-10,"martes","Laboral"
"407",2015-02-11,"miércoles","Laboral"
"408",2015-02-12,"jueves","Laboral"
"409",2015-02-13,"viernes","Laboral"
"410",2015-02-14,"sábado","Fin de semana"
"411",2015-02-15,"domingo","Fin de semana"
"412",2015-02-16,"lunes","Laboral"
"413",2015-02-17,"martes","Laboral"
"414",2015-02-18,"miércoles","Laboral"
"415",2015-02-19,"jueves","Laboral"
"416",2015-02-20,"viernes","Laboral"
"417",2015-02-21,"sábado","Fin de semana"
"418",2015-02-22,"domingo","Fin de semana"
"419",2015-02-23,"lunes","Laboral"
"420",2015-02-24,"martes","Laboral"
"421",2015-02-25,"miércoles","Laboral"
"422",2015-02-26,"jueves","Laboral"
"423",2015-02-27,"viernes","Laboral"
"424",2015-02-28,"sábado","Fin de semana"
"425",2015-03-01,"domingo","Fin de semana"
"426",2015-03-02,"lunes","Laboral"
"427",2015-03-03,"martes","Laboral"
"428",2015-03-04,"miércoles","Laboral"
"429",2015-03-05,"jueves","Laboral"
"430",2015-03-06,"viernes","Laboral"
"431",2015-03-07,"sábado","Fin de semana"
"432",2015-03-08,"domingo","Fin de semana"
"433",2015-03-09,"lunes","Laboral"
"434",2015-03-10,"martes","Laboral"
"435",2015-03-11,"miércoles","Laboral"
"436",2015-03-12,"jueves","Laboral"
"437",2015-03-13,"viernes","Laboral"
"438",2015-03-14,"sábado","Fin de semana"
"439",2015-03-15,"domingo","Fin de semana"
"440",2015-03-16,"lunes","Laboral"
"441",2015-03-17,"martes","Laboral"
"442",2015-03-18,"miércoles","Laboral"
"443",2015-03-19,"jueves","Laboral"
"444",2015-03-20,"viernes","Laboral"
"445",2015-03-21,"sábado","Fin de semana"
"446",2015-03-22,"domingo","Fin de semana"
"447",2015-03-23,"lunes","Festivo"
"448",2015-03-24,"martes","Laboral"
"449",2015-03-25,"miércoles","Laboral"
"450",2015-03-26,"jueves","Laboral"
"451",2015-03-27,"viernes","Laboral"
"452",2015-03-28,"sábado","Fin de semana"
"453",2015-03-29,"domingo","Fin de semana"
"454",2015-03-30,"lunes","Laboral"
"455",2015-03-31,"martes","Laboral"
"456",2015-04-01,"miércoles","Laboral"
"457",2015-04-02,"jueves","Festivo"
"458",2015-04-03,"viernes","Festivo"
"459",2015-04-04,"sábado","Fin de semana"
"460",2015-04-05,"domingo","Fin de semana"
"461",2015-04-06,"lunes","Laboral"
"462",2015-04-07,"martes","Laboral"
"463",2015-04-08,"miércoles","Laboral"
"464",2015-04-09,"jueves","Laboral"
"465",2015-04-10,"viernes","Laboral"
"466",2015-04-11,"sábado","Fin de semana"
"467",2015-04-12,"domingo","Fin de semana"
"468",2015-04-13,"lunes","Laboral"
"469",2015-04-14,"martes","Laboral"
"470",2015-04-15,"miércoles","Laboral"
"471",2015-04-16,"jueves","Laboral"
"472",2015-04-17,"viernes","Laboral"
"473",2015-04-18,"sábado","Fin de semana"
"474",2015-04-19,"domingo","Fin de semana"
"475",2015-04-20,"lunes","Laboral"
"476",2015-04-21,"martes","Laboral"
"477",2015-04-22,"miércoles","Laboral"
"478",2015-04-23,"jueves","Laboral"
"479",2015-04-24,"viernes","Laboral"
"480",2015-04-25,"sábado","Fin de semana"
"481",2015-04-26,"domingo","Fin de semana"
"482",2015-04-27,"lunes","Laboral"
"483",2015-04-28,"martes","Laboral"
"484",2015-04-29,"miércoles","Laboral"
"485",2015-04-30,"jueves","Laboral"
"486",2015-05-01,"viernes","Festivo"
"487",2015-05-02,"sábado","Fin de semana"
"488",2015-05-03,"domingo","Fin de semana"
"489",2015-05-04,"lunes","Laboral"
"490",2015-05-05,"martes","Laboral"
"491",2015-05-06,"miércoles","Laboral"
"492",2015-05-07,"jueves","Laboral"
"493",2015-05-08,"viernes","Laboral"
"494",2015-05-09,"sábado","Fin de semana"
"495",2015-05-10,"domingo","Fin de semana"
"496",2015-05-11,"lunes","Laboral"
"497",2015-05-12,"martes","Laboral"
"498",2015-05-13,"miércoles","Laboral"
"499",2015-05-14,"jueves","Laboral"
"500",2015-05-15,"viernes","Laboral"
"501",2015-05-16,"sábado","Fin de semana"
"502",2015-05-17,"domingo","Fin de semana"
"503",2015-05-18,"lunes","Festivo"
"504",2015-05-19,"martes","Laboral"
"505",2015-05-20,"miércoles","Laboral"
"506",2015-05-21,"jueves","Laboral"
"507",2015-05-22,"viernes","Laboral"
"508",2015-05-23,"sábado","Fin de semana"
"509",2015-05-24,"domingo","Fin de semana"
"510",2015-05-25,"lunes","Laboral"
"511",2015-05-26,"martes","Laboral"
"512",2015-05-27,"miércoles","Laboral"
"513",2015-05-28,"jueves","Laboral"
"514",2015-05-29,"viernes","Laboral"
"515",2015-05-30,"sábado","Fin de semana"
"516",2015-05-31,"domingo","Fin de semana"
"517",2015-06-01,"lunes","Laboral"
"518",2015-06-02,"martes","Laboral"
"519",2015-06-03,"miércoles","Laboral"
"520",2015-06-04,"jueves","Laboral"
"521",2015-06-05,"viernes","Laboral"
"522",2015-06-06,"sábado","Fin de semana"
"523",2015-06-07,"domingo","Fin de semana"
"524",2015-06-08,"lunes","Festivo"
"525",2015-06-09,"martes","Laboral"
"526",2015-06-10,"miércoles","Laboral"
"527",2015-06-11,"jueves","Laboral"
"528",2015-06-12,"viernes","Laboral"
"529",2015-06-13,"sábado","Fin de semana"
"530",2015-06-14,"domingo","Fin de semana"
"531",2015-06-15,"lunes","Festivo"
"532",2015-06-16,"martes","Laboral"
"533",2015-06-17,"miércoles","Laboral"
"534",2015-06-18,"jueves","Laboral"
"535",2015-06-19,"viernes","Laboral"
"536",2015-06-20,"sábado","Fin de semana"
"537",2015-06-21,"domingo","Fin de semana"
"538",2015-06-22,"lunes","Laboral"
"539",2015-06-23,"martes","Laboral"
"540",2015-06-24,"miércoles","Laboral"
"541",2015-06-25,"jueves","Laboral"
"542",2015-06-26,"viernes","Laboral"
"543",2015-06-27,"sábado","Fin de semana"
"544",2015-06-28,"domingo","Fin de semana"
"545",2015-06-29,"lunes","Festivo"
"546",2015-06-30,"martes","Laboral"
"547",2015-07-01,"miércoles","Laboral"
"548",2015-07-02,"jueves","Laboral"
"549",2015-07-03,"viernes","Laboral"
"550",2015-07-04,"sábado","Fin de semana"
"551",2015-07-05,"domingo","Fin de semana"
"552",2015-07-06,"lunes","Laboral"
"553",2015-07-07,"martes","Laboral"
"554",2015-07-08,"miércoles","Laboral"
"555",2015-07-09,"jueves","Laboral"
"556",2015-07-10,"viernes","Laboral"
"557",2015-07-11,"sábado","Fin de semana"
"558",2015-07-12,"domingo","Fin de semana"
"559",2015-07-13,"lunes","Laboral"
"560",2015-07-14,"martes","Laboral"
"561",2015-07-15,"miércoles","Laboral"
"562",2015-07-16,"jueves","Laboral"
"563",2015-07-17,"viernes","Laboral"
"564",2015-07-18,"sábado","Fin de semana"
"565",2015-07-19,"domingo","Fin de semana"
"566",2015-07-20,"lunes","Festivo"
"567",2015-07-21,"martes","Laboral"
"568",2015-07-22,"miércoles","Laboral"
"569",2015-07-23,"jueves","Laboral"
"570",2015-07-24,"viernes","Laboral"
"571",2015-07-25,"sábado","Fin de semana"
"572",2015-07-26,"domingo","Fin de semana"
"573",2015-07-27,"lunes","Laboral"
"574",2015-07-28,"martes","Laboral"
"575",2015-07-29,"miércoles","Laboral"
"576",2015-07-30,"jueves","Laboral"
"577",2015-07-31,"viernes","Laboral"
"578",2015-08-01,"sábado","Fin de semana"
"579",2015-08-02,"domingo","Fin de semana"
"580",2015-08-03,"lunes","Laboral"
"581",2015-08-04,"martes","Laboral"
"582",2015-08-05,"miércoles","Laboral"
"583",2015-08-06,"jueves","Laboral"
"584",2015-08-07,"viernes","Festivo"
"585",2015-08-08,"sábado","Fin de semana"
"586",2015-08-09,"domingo","Fin de semana"
"587",2015-08-10,"lunes","Laboral"
"588",2015-08-11,"martes","Laboral"
"589",2015-08-12,"miércoles","Laboral"
"590",2015-08-13,"jueves","Laboral"
"591",2015-08-14,"viernes","Laboral"
"592",2015-08-15,"sábado","Fin de semana"
"593",2015-08-16,"domingo","Fin de semana"
"594",2015-08-17,"lunes","Festivo"
"595",2015-08-18,"martes","Laboral"
"596",2015-08-19,"miércoles","Laboral"
"597",2015-08-20,"jueves","Laboral"
"598",2015-08-21,"viernes","Laboral"
"599",2015-08-22,"sábado","Fin de semana"
"600",2015-08-23,"domingo","Fin de semana"
"601",2015-08-24,"lunes","Laboral"
"602",2015-08-25,"martes","Laboral"
"603",2015-08-26,"miércoles","Laboral"
"604",2015-08-27,"jueves","Laboral"
"605",2015-08-28,"viernes","Laboral"
"606",2015-08-29,"sábado","Fin de semana"
"607",2015-08-30,"domingo","Fin de semana"
"608",2015-08-31,"lunes","Laboral"
"609",2015-09-01,"martes","Laboral"
"610",2015-09-02,"miércoles","Laboral"
"611",2015-09-03,"jueves","Laboral"
"612",2015-09-04,"viernes","Laboral"
"613",2015-09-05,"sábado","Fin de semana"
"614",2015-09-06,"domingo","Fin de semana"
"615",2015-09-07,"lunes","Laboral"
"616",2015-09-08,"martes","Laboral"
"617",2015-09-09,"miércoles","Laboral"
"618",2015-09-10,"jueves","Laboral"
"619",2015-09-11,"viernes","Laboral"
"620",2015-09-12,"sábado","Fin de semana"
"621",2015-09-13,"domingo","Fin de semana"
"622",2015-09-14,"lunes","Laboral"
"623",2015-09-15,"martes","Laboral"
"624",2015-09-16,"miércoles","Laboral"
"625",2015-09-17,"jueves","Laboral"
"626",2015-09-18,"viernes","Laboral"
"627",2015-09-19,"sábado","Fin de semana"
"628",2015-09-20,"domingo","Fin de semana"
"629",2015-09-21,"lunes","Laboral"
"630",2015-09-22,"martes","Laboral"
"631",2015-09-23,"miércoles","Laboral"
"632",2015-09-24,"jueves","Laboral"
"633",2015-09-25,"viernes","Laboral"
"634",2015-09-26,"sábado","Fin de semana"
"635",2015-09-27,"domingo","Fin de semana"
"636",2015-09-28,"lunes","Laboral"
"637",2015-09-29,"martes","Laboral"
"638",2015-09-30,"miércoles","Laboral"
"639",2015-10-01,"jueves","Laboral"
"640",2015-10-02,"viernes","Festivo"
"641",2015-10-03,"sábado","Fin de semana"
"642",2015-10-04,"domingo","Fin de semana"
"643",2015-10-05,"lunes","Laboral"
"644",2015-10-06,"martes","Laboral"
"645",2015-10-07,"miércoles","Laboral"
"646",2015-10-08,"jueves","Laboral"
"647",2015-10-09,"viernes","Laboral"
"648",2015-10-10,"sábado","Fin de semana"
"649",2015-10-11,"domingo","Fin de semana"
"650",2015-10-12,"lunes","Laboral"
"651",2015-10-13,"martes","Laboral"
"652",2015-10-14,"miércoles","Laboral"
"653",2015-10-15,"jueves","Laboral"
"654",2015-10-16,"viernes","Festivo"
"655",2015-10-17,"sábado","Fin de semana"
"656",2015-10-18,"domingo","Fin de semana"
"657",2015-10-19,"lunes","Laboral"
"658",2015-10-20,"martes","Laboral"
"659",2015-10-21,"miércoles","Laboral"
"660",2015-10-22,"jueves","Laboral"
"661",2015-10-23,"viernes","Laboral"
"662",2015-10-24,"sábado","Fin de semana"
"663",2015-10-25,"domingo","Fin de semana"
"664",2015-10-26,"lunes","Laboral"
"665",2015-10-27,"martes","Laboral"
"666",2015-10-28,"miércoles","Laboral"
"667",2015-10-29,"jueves","Laboral"
"668",2015-10-30,"viernes","Laboral"
"669",2015-10-31,"sábado","Fin de semana"
"670",2015-11-01,"domingo","Fin de semana"
"671",2015-11-02,"lunes","Laboral"
"672",2015-11-03,"martes","Laboral"
"673",2015-11-04,"miércoles","Laboral"
"674",2015-11-05,"jueves","Laboral"
"675",2015-11-06,"viernes","Laboral"
"676",2015-11-07,"sábado","Fin de semana"
"677",2015-11-08,"domingo","Fin de semana"
"678",2015-11-09,"lunes","Laboral"
"679",2015-11-10,"martes","Laboral"
"680",2015-11-11,"miércoles","Laboral"
"681",2015-11-12,"jueves","Laboral"
"682",2015-11-13,"viernes","Laboral"
"683",2015-11-14,"sábado","Fin de semana"
"684",2015-11-15,"domingo","Fin de semana"
"685",2015-11-16,"lunes","Laboral"
"686",2015-11-17,"martes","Laboral"
"687",2015-11-18,"miércoles","Laboral"
"688",2015-11-19,"jueves","Laboral"
"689",2015-11-20,"viernes","Laboral"
"690",2015-11-21,"sábado","Fin de semana"
"691",2015-11-22,"domingo","Fin de semana"
"692",2015-11-23,"lunes","Laboral"
"693",2015-11-24,"martes","Laboral"
"694",2015-11-25,"miércoles","Festivo"
"695",2015-11-26,"jueves","Laboral"
"696",2015-11-27,"viernes","Laboral"
"697",2015-11-28,"sábado","Fin de semana"
"698",2015-11-29,"domingo","Fin de semana"
"699",2015-11-30,"lunes","Laboral"
"700",2015-12-01,"martes","Laboral"
"701",2015-12-02,"miércoles","Laboral"
"702",2015-12-03,"jueves","Laboral"
"703",2015-12-04,"viernes","Laboral"
"704",2015-12-05,"sábado","Fin de semana"
"705",2015-12-06,"domingo","Fin de semana"
"706",2015-12-07,"lunes","Laboral"
"707",2015-12-08,"martes","Laboral"
"708",2015-12-09,"miércoles","Laboral"
"709",2015-12-10,"jueves","Laboral"
"710",2015-12-11,"viernes","Laboral"
"711",2015-12-12,"sábado","Fin de semana"
"712",2015-12-13,"domingo","Fin de semana"
"713",2015-12-14,"lunes","Laboral"
"714",2015-12-15,"martes","Laboral"
"715",2015-12-16,"miércoles","Laboral"
"716",2015-12-17,"jueves","Laboral"
"717",2015-12-18,"viernes","Laboral"
"718",2015-12-19,"sábado","Fin de semana"
"719",2015-12-20,"domingo","Fin de semana"
"720",2015-12-21,"lunes","Laboral"
"721",2015-12-22,"martes","Laboral"
"722",2015-12-23,"miércoles","Laboral"
"723",2015-12-24,"jueves","Laboral"
"724",2015-12-25,"viernes","Laboral"
"725",2015-12-26,"sábado","Fin de semana"
"726",2015-12-27,"domingo","Fin de semana"
"727",2015-12-28,"lunes","Laboral"
"728",2015-12-29,"martes","Laboral"
"729",2015-12-30,"miércoles","Laboral"
"730",2015-12-31,"jueves","Laboral"
"731",2016-01-01,"viernes","Festivo"
"732",2016-01-02,"sábado","Fin de semana"
"733",2016-01-03,"domingo","Fin de semana"
"734",2016-01-04,"lunes","Laboral"
"735",2016-01-05,"martes","Laboral"
"736",2016-01-06,"miércoles","Laboral"
"737",2016-01-07,"jueves","Laboral"
"738",2016-01-08,"viernes","Laboral"
"739",2016-01-09,"sábado","Fin de semana"
"740",2016-01-10,"domingo","Fin de semana"
"741",2016-01-11,"lunes","Festivo"
"742",2016-01-12,"martes","Laboral"
"743",2016-01-13,"miércoles","Laboral"
"744",2016-01-14,"jueves","Laboral"
"745",2016-01-15,"viernes","Laboral"
"746",2016-01-16,"sábado","Fin de semana"
"747",2016-01-17,"domingo","Fin de semana"
"748",2016-01-18,"lunes","Laboral"
"749",2016-01-19,"martes","Laboral"
"750",2016-01-20,"miércoles","Laboral"
"751",2016-01-21,"jueves","Laboral"
"752",2016-01-22,"viernes","Laboral"
"753",2016-01-23,"sábado","Fin de semana"
"754",2016-01-24,"domingo","Fin de semana"
"755",2016-01-25,"lunes","Laboral"
"756",2016-01-26,"martes","Laboral"
"757",2016-01-27,"miércoles","Laboral"
"758",2016-01-28,"jueves","Laboral"
"759",2016-01-29,"viernes","Laboral"
"760",2016-01-30,"sábado","Fin de semana"
"761",2016-01-31,"domingo","Fin de semana"
"762",2016-02-01,"lunes","Laboral"
"763",2016-02-02,"martes","Laboral"
"764",2016-02-03,"miércoles","Laboral"
"765",2016-02-04,"jueves","Laboral"
"766",2016-02-05,"viernes","Laboral"
"767",2016-02-06,"sábado","Fin de semana"
"768",2016-02-07,"domingo","Fin de semana"
"769",2016-02-08,"lunes","Laboral"
"770",2016-02-09,"martes","Laboral"
"771",2016-02-10,"miércoles","Laboral"
"772",2016-02-11,"jueves","Laboral"
"773",2016-02-12,"viernes","Laboral"
"774",2016-02-13,"sábado","Fin de semana"
"775",2016-02-14,"domingo","Fin de semana"
"776",2016-02-15,"lunes","Laboral"
"777",2016-02-16,"martes","Laboral"
"778",2016-02-17,"miércoles","Laboral"
"779",2016-02-18,"jueves","Laboral"
"780",2016-02-19,"viernes","Laboral"
"781",2016-02-20,"sábado","Fin de semana"
"782",2016-02-21,"domingo","Fin de semana"
"783",2016-02-22,"lunes","Laboral"
"784",2016-02-23,"martes","Laboral"
"785",2016-02-24,"miércoles","Laboral"
"786",2016-02-25,"jueves","Laboral"
"787",2016-02-26,"viernes","Laboral"
"788",2016-02-27,"sábado","Fin de semana"
"789",2016-02-28,"domingo","Fin de semana"
"790",2016-02-29,"lunes","Laboral"
"791",2016-03-01,"martes","Laboral"
"792",2016-03-02,"miércoles","Laboral"
"793",2016-03-03,"jueves","Laboral"
"794",2016-03-04,"viernes","Laboral"
"795",2016-03-05,"sábado","Fin de semana"
"796",2016-03-06,"domingo","Fin de semana"
"797",2016-03-07,"lunes","Laboral"
"798",2016-03-08,"martes","Laboral"
"799",2016-03-09,"miércoles","Laboral"
"800",2016-03-10,"jueves","Laboral"
"801",2016-03-11,"viernes","Laboral"
"802",2016-03-12,"sábado","Fin de semana"
"803",2016-03-13,"domingo","Fin de semana"
"804",2016-03-14,"lunes","Laboral"
"805",2016-03-15,"martes","Laboral"
"806",2016-03-16,"miércoles","Laboral"
"807",2016-03-17,"jueves","Laboral"
"808",2016-03-18,"viernes","Laboral"
"809",2016-03-19,"sábado","Fin de semana"
"810",2016-03-20,"domingo","Fin de semana"
"811",2016-03-21,"lunes","Festivo"
"812",2016-03-22,"martes","Laboral"
"813",2016-03-23,"miércoles","Laboral"
"814",2016-03-24,"jueves","Festivo"
"815",2016-03-25,"viernes","Festivo"
"816",2016-03-26,"sábado","Fin de semana"
"817",2016-03-27,"domingo","Fin de semana"
"818",2016-03-28,"lunes","Laboral"
"819",2016-03-29,"martes","Laboral"
"820",2016-03-30,"miércoles","Laboral"
"821",2016-03-31,"jueves","Laboral"
"822",2016-04-01,"viernes","Laboral"
"823",2016-04-02,"sábado","Fin de semana"
"824",2016-04-03,"domingo","Fin de semana"
"825",2016-04-04,"lunes","Laboral"
"826",2016-04-05,"martes","Laboral"
"827",2016-04-06,"miércoles","Laboral"
"828",2016-04-07,"jueves","Laboral"
"829",2016-04-08,"viernes","Laboral"
"830",2016-04-09,"sábado","Fin de semana"
"831",2016-04-10,"domingo","Fin de semana"
"832",2016-04-11,"lunes","Laboral"
"833",2016-04-12,"martes","Laboral"
"834",2016-04-13,"miércoles","Laboral"
"835",2016-04-14,"jueves","Laboral"
"836",2016-04-15,"viernes","Laboral"
"837",2016-04-16,"sábado","Fin de semana"
"838",2016-04-17,"domingo","Fin de semana"
"839",2016-04-18,"lunes","Laboral"
"840",2016-04-19,"martes","Laboral"
"841",2016-04-20,"miércoles","Laboral"
"842",2016-04-21,"jueves","Laboral"
"843",2016-04-22,"viernes","Laboral"
"844",2016-04-23,"sábado","Fin de semana"
"845",2016-04-24,"domingo","Fin de semana"
"846",2016-04-25,"lunes","Laboral"
"847",2016-04-26,"martes","Laboral"
"848",2016-04-27,"miércoles","Laboral"
"849",2016-04-28,"jueves","Laboral"
"850",2016-04-29,"viernes","Laboral"
"851",2016-04-30,"sábado","Fin de semana"
"852",2016-05-01,"domingo","Fin de semana"
"853",2016-05-02,"lunes","Laboral"
"854",2016-05-03,"martes","Laboral"
"855",2016-05-04,"miércoles","Laboral"
"856",2016-05-05,"jueves","Laboral"
"857",2016-05-06,"viernes","Laboral"
"858",2016-05-07,"sábado","Fin de semana"
"859",2016-05-08,"domingo","Fin de semana"
"860",2016-05-09,"lunes","Festivo"
"861",2016-05-10,"martes","Laboral"
"862",2016-05-11,"miércoles","Laboral"
"863",2016-05-12,"jueves","Laboral"
"864",2016-05-13,"viernes","Laboral"
"865",2016-05-14,"sábado","Fin de semana"
"866",2016-05-15,"domingo","Fin de semana"
"867",2016-05-16,"lunes","Laboral"
"868",2016-05-17,"martes","Laboral"
"869",2016-05-18,"miércoles","Laboral"
"870",2016-05-19,"jueves","Laboral"
"871",2016-05-20,"viernes","Laboral"
"872",2016-05-21,"sábado","Fin de semana"
"873",2016-05-22,"domingo","Fin de semana"
"874",2016-05-23,"lunes","Laboral"
"875",2016-05-24,"martes","Laboral"
"876",2016-05-25,"miércoles","Laboral"
"877",2016-05-26,"jueves","Laboral"
"878",2016-05-27,"viernes","Laboral"
"879",2016-05-28,"sábado","Fin de semana"
"880",2016-05-29,"domingo","Fin de semana"
"881",2016-05-30,"lunes","Festivo"
"882",2016-05-31,"martes","Laboral"
"883",2016-06-01,"miércoles","Laboral"
"884",2016-06-02,"jueves","Laboral"
"885",2016-06-03,"viernes","Laboral"
"886",2016-06-04,"sábado","Fin de semana"
"887",2016-06-05,"domingo","Fin de semana"
"888",2016-06-06,"lunes","Festivo"
"889",2016-06-07,"martes","Laboral"
"890",2016-06-08,"miércoles","Laboral"
"891",2016-06-09,"jueves","Laboral"
"892",2016-06-10,"viernes","Laboral"
"893",2016-06-11,"sábado","Fin de semana"
"894",2016-06-12,"domingo","Fin de semana"
"895",2016-06-13,"lunes","Laboral"
"896",2016-06-14,"martes","Laboral"
"897",2016-06-15,"miércoles","Laboral"
"898",2016-06-16,"jueves","Laboral"
"899",2016-06-17,"viernes","Laboral"
"900",2016-06-18,"sábado","Fin de semana"
"901",2016-06-19,"domingo","Fin de semana"
"902",2016-06-20,"lunes","Laboral"
"903",2016-06-21,"martes","Laboral"
"904",2016-06-22,"miércoles","Laboral"
"905",2016-06-23,"jueves","Laboral"
"906",2016-06-24,"viernes","Laboral"
"907",2016-06-25,"sábado","Fin de semana"
"908",2016-06-26,"domingo","Fin de semana"
"909",2016-06-27,"lunes","Laboral"
"910",2016-06-28,"martes","Laboral"
"911",2016-06-29,"miércoles","Laboral"
"912",2016-06-30,"jueves","Laboral"
"913",2016-07-01,"viernes","Laboral"
"914",2016-07-02,"sábado","Fin de semana"
"915",2016-07-03,"domingo","Fin de semana"
"916",2016-07-04,"lunes","Festivo"
"917",2016-07-05,"martes","Laboral"
"918",2016-07-06,"miércoles","Laboral"
"919",2016-07-07,"jueves","Laboral"
"920",2016-07-08,"viernes","Laboral"
"921",2016-07-09,"sábado","Fin de semana"
"922",2016-07-10,"domingo","Fin de semana"
"923",2016-07-11,"lunes","Laboral"
"924",2016-07-12,"martes","Laboral"
"925",2016-07-13,"miércoles","Laboral"
"926",2016-07-14,"jueves","Laboral"
"927",2016-07-15,"viernes","Laboral"
"928",2016-07-16,"sábado","Fin de semana"
"929",2016-07-17,"domingo","Fin de semana"
"930",2016-07-18,"lunes","Laboral"
"931",2016-07-19,"martes","Laboral"
"932",2016-07-20,"miércoles","Festivo"
"933",2016-07-21,"jueves","Laboral"
"934",2016-07-22,"viernes","Laboral"
"935",2016-07-23,"sábado","Fin de semana"
"936",2016-07-24,"domingo","Fin de semana"
"937",2016-07-25,"lunes","Laboral"
"938",2016-07-26,"martes","Laboral"
"939",2016-07-27,"miércoles","Laboral"
"940",2016-07-28,"jueves","Laboral"
"941",2016-07-29,"viernes","Laboral"
"942",2016-07-30,"sábado","Fin de semana"
"943",2016-07-31,"domingo","Fin de semana"
"944",2016-08-01,"lunes","Laboral"
"945",2016-08-02,"martes","Laboral"
"946",2016-08-03,"miércoles","Laboral"
"947",2016-08-04,"jueves","Laboral"
"948",2016-08-05,"viernes","Laboral"
"949",2016-08-06,"sábado","Fin de semana"
"950",2016-08-07,"domingo","Fin de semana"
"951",2016-08-08,"lunes","Laboral"
"952",2016-08-09,"martes","Laboral"
"953",2016-08-10,"miércoles","Laboral"
"954",2016-08-11,"jueves","Laboral"
"955",2016-08-12,"viernes","Laboral"
"956",2016-08-13,"sábado","Fin de semana"
"957",2016-08-14,"domingo","Fin de semana"
"958",2016-08-15,"lunes","Festivo"
"959",2016-08-16,"martes","Laboral"
"960",2016-08-17,"miércoles","Laboral"
"961",2016-08-18,"jueves","Laboral"
"962",2016-08-19,"viernes","Laboral"
"963",2016-08-20,"sábado","Fin de semana"
"964",2016-08-21,"domingo","Fin de semana"
"965",2016-08-22,"lunes","Laboral"
"966",2016-08-23,"martes","Laboral"
"967",2016-08-24,"miércoles","Laboral"
"968",2016-08-25,"jueves","Laboral"
"969",2016-08-26,"viernes","Laboral"
"970",2016-08-27,"sábado","Fin de semana"
"971",2016-08-28,"domingo","Fin de semana"
"972",2016-08-29,"lunes","Laboral"
"973",2016-08-30,"martes","Laboral"
"974",2016-08-31,"miércoles","Laboral"
"975",2016-09-01,"jueves","Laboral"
"976",2016-09-02,"viernes","Laboral"
"977",2016-09-03,"sábado","Fin de semana"
"978",2016-09-04,"domingo","Fin de semana"
"979",2016-09-05,"lunes","Laboral"
"980",2016-09-06,"martes","Laboral"
"981",2016-09-07,"miércoles","Laboral"
"982",2016-09-08,"jueves","Laboral"
"983",2016-09-09,"viernes","Laboral"
"984",2016-09-10,"sábado","Fin de semana"
"985",2016-09-11,"domingo","Fin de semana"
"986",2016-09-12,"lunes","Laboral"
"987",2016-09-13,"martes","Laboral"
"988",2016-09-14,"miércoles","Laboral"
"989",2016-09-15,"jueves","Laboral"
"990",2016-09-16,"viernes","Laboral"
"991",2016-09-17,"sábado","Fin de semana"
"992",2016-09-18,"domingo","Fin de semana"
"993",2016-09-19,"lunes","Laboral"
"994",2016-09-20,"martes","Laboral"
"995",2016-09-21,"miércoles","Laboral"
"996",2016-09-22,"jueves","Laboral"
"997",2016-09-23,"viernes","Laboral"
"998",2016-09-24,"sábado","Fin de semana"
"999",2016-09-25,"domingo","Fin de semana"
"1000",2016-09-26,"lunes","Laboral"
"1001",2016-09-27,"martes","Laboral"
"1002",2016-09-28,"miércoles","Laboral"
"1003",2016-09-29,"jueves","Laboral"
"1004",2016-09-30,"viernes","Laboral"
"1005",2016-10-01,"sábado","Fin de semana"
"1006",2016-10-02,"domingo","Fin de semana"
"1007",2016-10-03,"lunes","Laboral"
"1008",2016-10-04,"martes","Laboral"
"1009",2016-10-05,"miércoles","Laboral"
"1010",2016-10-06,"jueves","Laboral"
"1011",2016-10-07,"viernes","Festivo"
"1012",2016-10-08,"sábado","Fin de semana"
"1013",2016-10-09,"domingo","Fin de semana"
"1014",2016-10-10,"lunes","Laboral"
"1015",2016-10-11,"martes","Laboral"
"1016",2016-10-12,"miércoles","Laboral"
"1017",2016-10-13,"jueves","Laboral"
"1018",2016-10-14,"viernes","Festivo"
"1019",2016-10-15,"sábado","Fin de semana"
"1020",2016-10-16,"domingo","Fin de semana"
"1021",2016-10-17,"lunes","Laboral"
"1022",2016-10-18,"martes","Laboral"
"1023",2016-10-19,"miércoles","Laboral"
"1024",2016-10-20,"jueves","Laboral"
"1025",2016-10-21,"viernes","Laboral"
"1026",2016-10-22,"sábado","Fin de semana"
"1027",2016-10-23,"domingo","Fin de semana"
"1028",2016-10-24,"lunes","Laboral"
"1029",2016-10-25,"martes","Laboral"
"1030",2016-10-26,"miércoles","Laboral"
"1031",2016-10-27,"jueves","Laboral"
"1032",2016-10-28,"viernes","Laboral"
"1033",2016-10-29,"sábado","Fin de semana"
"1034",2016-10-30,"domingo","Fin de semana"
"1035",2016-10-31,"lunes","Laboral"
"1036",2016-11-01,"martes","Laboral"
"1037",2016-11-02,"miércoles","Laboral"
"1038",2016-11-03,"jueves","Laboral"
"1039",2016-11-04,"viernes","Laboral"
"1040",2016-11-05,"sábado","Fin de semana"
"1041",2016-11-06,"domingo","Fin de semana"
"1042",2016-11-07,"lunes","Laboral"
"1043",2016-11-08,"martes","Festivo"
"1044",2016-11-09,"miércoles","Laboral"
"1045",2016-11-10,"jueves","Laboral"
"1046",2016-11-11,"viernes","Laboral"
"1047",2016-11-12,"sábado","Fin de semana"
"1048",2016-11-13,"domingo","Fin de semana"
"1049",2016-11-14,"lunes","Laboral"
"1050",2016-11-15,"martes","Laboral"
"1051",2016-11-16,"miércoles","Laboral"
"1052",2016-11-17,"jueves","Laboral"
"1053",2016-11-18,"viernes","Laboral"
"1054",2016-11-19,"sábado","Fin de semana"
"1055",2016-11-20,"domingo","Fin de semana"
"1056",2016-11-21,"lunes","Laboral"
"1057",2016-11-22,"martes","Laboral"
"1058",2016-11-23,"miércoles","Laboral"
"1059",2016-11-24,"jueves","Laboral"
"1060",2016-11-25,"viernes","Festivo"
"1061",2016-11-26,"sábado","Fin de semana"
"1062",2016-11-27,"domingo","Fin de semana"
"1063",2016-11-28,"lunes","Laboral"
"1064",2016-11-29,"martes","Laboral"
"1065",2016-11-30,"miércoles","Laboral"
"1066",2016-12-01,"jueves","Laboral"
"1067",2016-12-02,"viernes","Laboral"
"1068",2016-12-03,"sábado","Fin de semana"
"1069",2016-12-04,"domingo","Fin de semana"
"1070",2016-12-05,"lunes","Laboral"
"1071",2016-12-06,"martes","Laboral"
"1072",2016-12-07,"miércoles","Laboral"
"1073",2016-12-08,"jueves","Laboral"
"1074",2016-12-09,"viernes","Laboral"
"1075",2016-12-10,"sábado","Fin de semana"
"1076",2016-12-11,"domingo","Fin de semana"
"1077",2016-12-12,"lunes","Laboral"
"1078",2016-12-13,"martes","Laboral"
"1079",2016-12-14,"miércoles","Laboral"
"1080",2016-12-15,"jueves","Laboral"
"1081",2016-12-16,"viernes","Laboral"
"1082",2016-12-17,"sábado","Fin de semana"
"1083",2016-12-18,"domingo","Fin de semana"
"1084",2016-12-19,"lunes","Laboral"
"1085",2016-12-20,"martes","Laboral"
"1086",2016-12-21,"miércoles","Laboral"
"1087",2016-12-22,"jueves","Laboral"
"1088",2016-12-23,"viernes","Laboral"
"1089",2016-12-24,"sábado","Fin de semana"
"1090",2016-12-25,"domingo","Fin de semana"
"1091",2016-12-26,"lunes","Laboral"
"1092",2016-12-27,"martes","Laboral"
"1093",2016-12-28,"miércoles","Laboral"
"1094",2016-12-29,"jueves","Laboral"
"1095",2016-12-30,"viernes","Laboral"
"1096",2016-12-31,"sábado","Fin de semana"
"1097",2017-01-01,"domingo","Fin de semana"
"1098",2017-01-02,"lunes","Laboral"
"1099",2017-01-03,"martes","Laboral"
"1100",2017-01-04,"miércoles","Laboral"
"1101",2017-01-05,"jueves","Laboral"
"1102",2017-01-06,"viernes","Laboral"
"1103",2017-01-07,"sábado","Fin de semana"
"1104",2017-01-08,"domingo","Fin de semana"
"1105",2017-01-09,"lunes","Festivo"
"1106",2017-01-10,"martes","Laboral"
"1107",2017-01-11,"miércoles","Laboral"
"1108",2017-01-12,"jueves","Laboral"
"1109",2017-01-13,"viernes","Laboral"
"1110",2017-01-14,"sábado","Fin de semana"
"1111",2017-01-15,"domingo","Fin de semana"
"1112",2017-01-16,"lunes","Laboral"
"1113",2017-01-17,"martes","Laboral"
"1114",2017-01-18,"miércoles","Laboral"
"1115",2017-01-19,"jueves","Laboral"
"1116",2017-01-20,"viernes","Laboral"
"1117",2017-01-21,"sábado","Fin de semana"
"1118",2017-01-22,"domingo","Fin de semana"
"1119",2017-01-23,"lunes","Laboral"
"1120",2017-01-24,"martes","Laboral"
"1121",2017-01-25,"miércoles","Laboral"
"1122",2017-01-26,"jueves","Laboral"
"1123",2017-01-27,"viernes","Laboral"
"1124",2017-01-28,"sábado","Fin de semana"
"1125",2017-01-29,"domingo","Fin de semana"
"1126",2017-01-30,"lunes","Laboral"
"1127",2017-01-31,"martes","Laboral"
"1128",2017-02-01,"miércoles","Laboral"
"1129",2017-02-02,"jueves","Laboral"
"1130",2017-02-03,"viernes","Laboral"
"1131",2017-02-04,"sábado","Fin de semana"
"1132",2017-02-05,"domingo","Fin de semana"
"1133",2017-02-06,"lunes","Laboral"
"1134",2017-02-07,"martes","Laboral"
"1135",2017-02-08,"miércoles","Laboral"
"1136",2017-02-09,"jueves","Laboral"
"1137",2017-02-10,"viernes","Laboral"
"1138",2017-02-11,"sábado","Fin de semana"
"1139",2017-02-12,"domingo","Fin de semana"
"1140",2017-02-13,"lunes","Laboral"
"1141",2017-02-14,"martes","Laboral"
"1142",2017-02-15,"miércoles","Laboral"
"1143",2017-02-16,"jueves","Laboral"
"1144",2017-02-17,"viernes","Laboral"
"1145",2017-02-18,"sábado","Fin de semana"
"1146",2017-02-19,"domingo","Fin de semana"
"1147",2017-02-20,"lunes","Laboral"
"1148",2017-02-21,"martes","Laboral"
"1149",2017-02-22,"miércoles","Laboral"
"1150",2017-02-23,"jueves","Laboral"
"1151",2017-02-24,"viernes","Laboral"
"1152",2017-02-25,"sábado","Fin de semana"
"1153",2017-02-26,"domingo","Fin de semana"
"1154",2017-02-27,"lunes","Laboral"
"1155",2017-02-28,"martes","Laboral"
"1156",2017-03-01,"miércoles","Laboral"
"1157",2017-03-02,"jueves","Laboral"
"1158",2017-03-03,"viernes","Laboral"
"1159",2017-03-04,"sábado","Fin de semana"
"1160",2017-03-05,"domingo","Fin de semana"
"1161",2017-03-06,"lunes","Laboral"
"1162",2017-03-07,"martes","Laboral"
"1163",2017-03-08,"miércoles","Laboral"
"1164",2017-03-09,"jueves","Laboral"
"1165",2017-03-10,"viernes","Laboral"
"1166",2017-03-11,"sábado","Fin de semana"
"1167",2017-03-12,"domingo","Fin de semana"
"1168",2017-03-13,"lunes","Laboral"
"1169",2017-03-14,"martes","Laboral"
"1170",2017-03-15,"miércoles","Laboral"
"1171",2017-03-16,"jueves","Laboral"
"1172",2017-03-17,"viernes","Laboral"
"1173",2017-03-18,"sábado","Fin de semana"
"1174",2017-03-19,"domingo","Fin de semana"
"1175",2017-03-20,"lunes","Festivo"
"1176",2017-03-21,"martes","Laboral"
"1177",2017-03-22,"miércoles","Laboral"
"1178",2017-03-23,"jueves","Laboral"
"1179",2017-03-24,"viernes","Laboral"
"1180",2017-03-25,"sábado","Fin de semana"
"1181",2017-03-26,"domingo","Fin de semana"
"1182",2017-03-27,"lunes","Laboral"
"1183",2017-03-28,"martes","Laboral"
"1184",2017-03-29,"miércoles","Laboral"
"1185",2017-03-30,"jueves","Laboral"
"1186",2017-03-31,"viernes","Laboral"
"1187",2017-04-01,"sábado","Fin de semana"
"1188",2017-04-02,"domingo","Fin de semana"
"1189",2017-04-03,"lunes","Laboral"
"1190",2017-04-04,"martes","Laboral"
"1191",2017-04-05,"miércoles","Laboral"
"1192",2017-04-06,"jueves","Laboral"
"1193",2017-04-07,"viernes","Laboral"
"1194",2017-04-08,"sábado","Fin de semana"
"1195",2017-04-09,"domingo","Fin de semana"
"1196",2017-04-10,"lunes","Laboral"
"1197",2017-04-11,"martes","Laboral"
"1198",2017-04-12,"miércoles","Laboral"
"1199",2017-04-13,"jueves","Festivo"
"1200",2017-04-14,"viernes","Festivo"
"1201",2017-04-15,"sábado","Fin de semana"
"1202",2017-04-16,"domingo","Fin de semana"
"1203",2017-04-17,"lunes","Laboral"
"1204",2017-04-18,"martes","Laboral"
"1205",2017-04-19,"miércoles","Laboral"
"1206",2017-04-20,"jueves","Laboral"
"1207",2017-04-21,"viernes","Laboral"
"1208",2017-04-22,"sábado","Fin de semana"
"1209",2017-04-23,"domingo","Fin de semana"
"1210",2017-04-24,"lunes","Laboral"
"1211",2017-04-25,"martes","Laboral"
"1212",2017-04-26,"miércoles","Laboral"
"1213",2017-04-27,"jueves","Laboral"
"1214",2017-04-28,"viernes","Laboral"
"1215",2017-04-29,"sábado","Fin de semana"
"1216",2017-04-30,"domingo","Fin de semana"
"1217",2017-05-01,"lunes","Festivo"
"1218",2017-05-02,"martes","Laboral"
"1219",2017-05-03,"miércoles","Laboral"
"1220",2017-05-04,"jueves","Laboral"
"1221",2017-05-05,"viernes","Laboral"
"1222",2017-05-06,"sábado","Fin de semana"
"1223",2017-05-07,"domingo","Fin de semana"
"1224",2017-05-08,"lunes","Laboral"
"1225",2017-05-09,"martes","Laboral"
"1226",2017-05-10,"miércoles","Laboral"
"1227",2017-05-11,"jueves","Laboral"
"1228",2017-05-12,"viernes","Laboral"
"1229",2017-05-13,"sábado","Fin de semana"
"1230",2017-05-14,"domingo","Fin de semana"
"1231",2017-05-15,"lunes","Laboral"
"1232",2017-05-16,"martes","Laboral"
"1233",2017-05-17,"miércoles","Laboral"
"1234",2017-05-18,"jueves","Laboral"
"1235",2017-05-19,"viernes","Laboral"
"1236",2017-05-20,"sábado","Fin de semana"
"1237",2017-05-21,"domingo","Fin de semana"
"1238",2017-05-22,"lunes","Laboral"
"1239",2017-05-23,"martes","Laboral"
"1240",2017-05-24,"miércoles","Laboral"
"1241",2017-05-25,"jueves","Laboral"
"1242",2017-05-26,"viernes","Laboral"
"1243",2017-05-27,"sábado","Fin de semana"
"1244",2017-05-28,"domingo","Fin de semana"
"1245",2017-05-29,"lunes","Festivo"
"1246",2017-05-30,"martes","Laboral"
"1247",2017-05-31,"miércoles","Laboral"
"1248",2017-06-01,"jueves","Laboral"
"1249",2017-06-02,"viernes","Laboral"
"1250",2017-06-03,"sábado","Fin de semana"
"1251",2017-06-04,"domingo","Fin de semana"
"1252",2017-06-05,"lunes","Laboral"
"1253",2017-06-06,"martes","Laboral"
"1254",2017-06-07,"miércoles","Laboral"
"1255",2017-06-08,"jueves","Laboral"
"1256",2017-06-09,"viernes","Laboral"
"1257",2017-06-10,"sábado","Fin de semana"
"1258",2017-06-11,"domingo","Fin de semana"
"1259",2017-06-12,"lunes","Laboral"
"1260",2017-06-13,"martes","Laboral"
"1261",2017-06-14,"miércoles","Laboral"
"1262",2017-06-15,"jueves","Laboral"
"1263",2017-06-16,"viernes","Laboral"
"1264",2017-06-17,"sábado","Fin de semana"
"1265",2017-06-18,"domingo","Fin de semana"
"1266",2017-06-19,"lunes","Festivo"
"1267",2017-06-20,"martes","Laboral"
"1268",2017-06-21,"miércoles","Laboral"
"1269",2017-06-22,"jueves","Laboral"
"1270",2017-06-23,"viernes","Laboral"
"1271",2017-06-24,"sábado","Fin de semana"
"1272",2017-06-25,"domingo","Fin de semana"
"1273",2017-06-26,"lunes","Festivo"
"1274",2017-06-27,"martes","Laboral"
"1275",2017-06-28,"miércoles","Laboral"
"1276",2017-06-29,"jueves","Laboral"
"1277",2017-06-30,"viernes","Laboral"
"1278",2017-07-01,"sábado","Fin de semana"
"1279",2017-07-02,"domingo","Fin de semana"
"1280",2017-07-03,"lunes","Festivo"
"1281",2017-07-04,"martes","Laboral"
"1282",2017-07-05,"miércoles","Laboral"
"1283",2017-07-06,"jueves","Laboral"
"1284",2017-07-07,"viernes","Laboral"
"1285",2017-07-08,"sábado","Fin de semana"
"1286",2017-07-09,"domingo","Fin de semana"
"1287",2017-07-10,"lunes","Laboral"
"1288",2017-07-11,"martes","Laboral"
"1289",2017-07-12,"miércoles","Laboral"
"1290",2017-07-13,"jueves","Laboral"
"1291",2017-07-14,"viernes","Laboral"
"1292",2017-07-15,"sábado","Fin de semana"
"1293",2017-07-16,"domingo","Fin de semana"
"1294",2017-07-17,"lunes","Laboral"
"1295",2017-07-18,"martes","Laboral"
"1296",2017-07-19,"miércoles","Laboral"
"1297",2017-07-20,"jueves","Festivo"
"1298",2017-07-21,"viernes","Laboral"
"1299",2017-07-22,"sábado","Fin de semana"
"1300",2017-07-23,"domingo","Fin de semana"
"1301",2017-07-24,"lunes","Laboral"
"1302",2017-07-25,"martes","Laboral"
"1303",2017-07-26,"miércoles","Laboral"
"1304",2017-07-27,"jueves","Laboral"
"1305",2017-07-28,"viernes","Laboral"
"1306",2017-07-29,"sábado","Fin de semana"
"1307",2017-07-30,"domingo","Fin de semana"
"1308",2017-07-31,"lunes","Laboral"
"1309",2017-08-01,"martes","Laboral"
"1310",2017-08-02,"miércoles","Laboral"
"1311",2017-08-03,"jueves","Laboral"
"1312",2017-08-04,"viernes","Laboral"
"1313",2017-08-05,"sábado","Fin de semana"
"1314",2017-08-06,"domingo","Fin de semana"
"1315",2017-08-07,"lunes","Festivo"
"1316",2017-08-08,"martes","Laboral"
"1317",2017-08-09,"miércoles","Laboral"
"1318",2017-08-10,"jueves","Laboral"
"1319",2017-08-11,"viernes","Laboral"
"1320",2017-08-12,"sábado","Fin de semana"
"1321",2017-08-13,"domingo","Fin de semana"
"1322",2017-08-14,"lunes","Laboral"
"1323",2017-08-15,"martes","Laboral"
"1324",2017-08-16,"miércoles","Laboral"
"1325",2017-08-17,"jueves","Laboral"
"1326",2017-08-18,"viernes","Laboral"
"1327",2017-08-19,"sábado","Fin de semana"
"1328",2017-08-20,"domingo","Fin de semana"
"1329",2017-08-21,"lunes","Festivo"
"1330",2017-08-22,"martes","Laboral"
"1331",2017-08-23,"miércoles","Laboral"
"1332",2017-08-24,"jueves","Laboral"
"1333",2017-08-25,"viernes","Laboral"
"1334",2017-08-26,"sábado","Fin de semana"
"1335",2017-08-27,"domingo","Fin de semana"
"1336",2017-08-28,"lunes","Laboral"
"1337",2017-08-29,"martes","Laboral"
"1338",2017-08-30,"miércoles","Laboral"
"1339",2017-08-31,"jueves","Laboral"
"1340",2017-09-01,"viernes","Laboral"
"1341",2017-09-02,"sábado","Fin de semana"
"1342",2017-09-03,"domingo","Fin de semana"
"1343",2017-09-04,"lunes","Laboral"
"1344",2017-09-05,"martes","Laboral"
"1345",2017-09-06,"miércoles","Laboral"
"1346",2017-09-07,"jueves","Laboral"
"1347",2017-09-08,"viernes","Laboral"
"1348",2017-09-09,"sábado","Fin de semana"
"1349",2017-09-10,"domingo","Fin de semana"
"1350",2017-09-11,"lunes","Laboral"
"1351",2017-09-12,"martes","Laboral"
"1352",2017-09-13,"miércoles","Laboral"
"1353",2017-09-14,"jueves","Laboral"
"1354",2017-09-15,"viernes","Laboral"
"1355",2017-09-16,"sábado","Fin de semana"
"1356",2017-09-17,"domingo","Fin de semana"
"1357",2017-09-18,"lunes","Laboral"
"1358",2017-09-19,"martes","Laboral"
"1359",2017-09-20,"miércoles","Laboral"
"1360",2017-09-21,"jueves","Laboral"
"1361",2017-09-22,"viernes","Laboral"
"1362",2017-09-23,"sábado","Fin de semana"
"1363",2017-09-24,"domingo","Fin de semana"
"1364",2017-09-25,"lunes","Laboral"
"1365",2017-09-26,"martes","Laboral"
"1366",2017-09-27,"miércoles","Laboral"
"1367",2017-09-28,"jueves","Laboral"
"1368",2017-09-29,"viernes","Laboral"
"1369",2017-09-30,"sábado","Fin de semana"
"1370",2017-10-01,"domingo","Fin de semana"
"1371",2017-10-02,"lunes","Laboral"
"1372",2017-10-03,"martes","Laboral"
"1373",2017-10-04,"miércoles","Laboral"
"1374",2017-10-05,"jueves","Laboral"
"1375",2017-10-06,"viernes","Festivo"
"1376",2017-10-07,"sábado","Fin de semana"
"1377",2017-10-08,"domingo","Fin de semana"
"1378",2017-10-09,"lunes","Laboral"
"1379",2017-10-10,"martes","Laboral"
"1380",2017-10-11,"miércoles","Laboral"
"1381",2017-10-12,"jueves","Laboral"
"1382",2017-10-13,"viernes","Festivo"
"1383",2017-10-14,"sábado","Fin de semana"
"1384",2017-10-15,"domingo","Fin de semana"
"1385",2017-10-16,"lunes","Laboral"
"1386",2017-10-17,"martes","Laboral"
"1387",2017-10-18,"miércoles","Laboral"
"1388",2017-10-19,"jueves","Laboral"
"1389",2017-10-20,"viernes","Laboral"
"1390",2017-10-21,"sábado","Fin de semana"
"1391",2017-10-22,"domingo","Fin de semana"
"1392",2017-10-23,"lunes","Laboral"
"1393",2017-10-24,"martes","Laboral"
"1394",2017-10-25,"miércoles","Laboral"
"1395",2017-10-26,"jueves","Laboral"
"1396",2017-10-27,"viernes","Laboral"
"1397",2017-10-28,"sábado","Fin de semana"
"1398",2017-10-29,"domingo","Fin de semana"
"1399",2017-10-30,"lunes","Laboral"
"1400",2017-10-31,"martes","Laboral"
"1401",2017-11-01,"miércoles","Laboral"
"1402",2017-11-02,"jueves","Laboral"
"1403",2017-11-03,"viernes","Laboral"
"1404",2017-11-04,"sábado","Fin de semana"
"1405",2017-11-05,"domingo","Fin de semana"
"1406",2017-11-06,"lunes","Laboral"
"1407",2017-11-07,"martes","Laboral"
"1408",2017-11-08,"miércoles","Festivo"
"1409",2017-11-09,"jueves","Laboral"
"1410",2017-11-10,"viernes","Laboral"
"1411",2017-11-11,"sábado","Fin de semana"
"1412",2017-11-12,"domingo","Fin de semana"
"1413",2017-11-13,"lunes","Laboral"
"1414",2017-11-14,"martes","Laboral"
"1415",2017-11-15,"miércoles","Laboral"
"1416",2017-11-16,"jueves","Laboral"
"1417",2017-11-17,"viernes","Laboral"
"1418",2017-11-18,"sábado","Fin de semana"
"1419",2017-11-19,"domingo","Fin de semana"
"1420",2017-11-20,"lunes","Laboral"
"1421",2017-11-21,"martes","Laboral"
"1422",2017-11-22,"miércoles","Laboral"
"1423",2017-11-23,"jueves","Laboral"
"1424",2017-11-24,"viernes","Laboral"
"1425",2017-11-25,"sábado","Fin de semana"
"1426",2017-11-26,"domingo","Fin de semana"
"1427",2017-11-27,"lunes","Laboral"
"1428",2017-11-28,"martes","Laboral"
"1429",2017-11-29,"miércoles","Laboral"
"1430",2017-11-30,"jueves","Laboral"
"1431",2017-12-01,"viernes","Laboral"
"1432",2017-12-02,"sábado","Fin de semana"
"1433",2017-12-03,"domingo","Fin de semana"
"1434",2017-12-04,"lunes","Laboral"
"1435",2017-12-05,"martes","Laboral"
"1436",2017-12-06,"miércoles","Laboral"
"1437",2017-12-07,"jueves","Laboral"
"1438",2017-12-08,"viernes","Laboral"
"1439",2017-12-09,"sábado","Fin de semana"
"1440",2017-12-10,"domingo","Fin de semana"
"1441",2017-12-11,"lunes","Laboral"
"1442",2017-12-12,"martes","Laboral"
"1443",2017-12-13,"miércoles","Laboral"
"1444",2017-12-14,"jueves","Laboral"
"1445",2017-12-15,"viernes","Laboral"
"1446",2017-12-16,"sábado","Fin de semana"
"1447",2017-12-17,"domingo","Fin de semana"
"1448",2017-12-18,"lunes","Laboral"
"1449",2017-12-19,"martes","Laboral"
"1450",2017-12-20,"miércoles","Laboral"
"1451",2017-12-21,"jueves","Laboral"
"1452",2017-12-22,"viernes","Laboral"
"1453",2017-12-23,"sábado","Fin de semana"
"1454",2017-12-24,"domingo","Fin de semana"
"1455",2017-12-25,"lunes","Laboral"
"1456",2017-12-26,"martes","Laboral"
"1457",2017-12-27,"miércoles","Laboral"
"1458",2017-12-28,"jueves","Laboral"
"1459",2017-12-29,"viernes","Laboral"
"1460",2017-12-30,"sábado","Fin de semana"
"1461",2017-12-31,"domingo","Fin de semana"
"1462",2018-01-01,"lunes","Festivo"
"1463",2018-01-02,"martes","Laboral"
"1464",2018-01-03,"miércoles","Laboral"
"1465",2018-01-04,"jueves","Laboral"
"1466",2018-01-05,"viernes","Laboral"
"1467",2018-01-06,"sábado","Fin de semana"
"1468",2018-01-07,"domingo","Fin de semana"
"1469",2018-01-08,"lunes","Festivo"
"1470",2018-01-09,"martes","Laboral"
"1471",2018-01-10,"miércoles","Laboral"
"1472",2018-01-11,"jueves","Laboral"
"1473",2018-01-12,"viernes","Laboral"
"1474",2018-01-13,"sábado","Fin de semana"
"1475",2018-01-14,"domingo","Fin de semana"
"1476",2018-01-15,"lunes","Laboral"
"1477",2018-01-16,"martes","Laboral"
"1478",2018-01-17,"miércoles","Laboral"
"1479",2018-01-18,"jueves","Laboral"
"1480",2018-01-19,"viernes","Laboral"
"1481",2018-01-20,"sábado","Fin de semana"
"1482",2018-01-21,"domingo","Fin de semana"
"1483",2018-01-22,"lunes","Laboral"
"1484",2018-01-23,"martes","Laboral"
"1485",2018-01-24,"miércoles","Laboral"
"1486",2018-01-25,"jueves","Laboral"
"1487",2018-01-26,"viernes","Laboral"
"1488",2018-01-27,"sábado","Fin de semana"
"1489",2018-01-28,"domingo","Fin de semana"
"1490",2018-01-29,"lunes","Laboral"
"1491",2018-01-30,"martes","Laboral"
"1492",2018-01-31,"miércoles","Laboral"
"1493",2018-02-01,"jueves","Laboral"
"1494",2018-02-02,"viernes","Laboral"
"1495",2018-02-03,"sábado","Fin de semana"
"1496",2018-02-04,"domingo","Fin de semana"
"1497",2018-02-05,"lunes","Laboral"
"1498",2018-02-06,"martes","Laboral"
"1499",2018-02-07,"miércoles","Laboral"
"1500",2018-02-08,"jueves","Laboral"
"1501",2018-02-09,"viernes","Laboral"
"1502",2018-02-10,"sábado","Fin de semana"
"1503",2018-02-11,"domingo","Fin de semana"
"1504",2018-02-12,"lunes","Laboral"
"1505",2018-02-13,"martes","Laboral"
"1506",2018-02-14,"miércoles","Laboral"
"1507",2018-02-15,"jueves","Laboral"
"1508",2018-02-16,"viernes","Laboral"
"1509",2018-02-17,"sábado","Fin de semana"
"1510",2018-02-18,"domingo","Fin de semana"
"1511",2018-02-19,"lunes","Laboral"
"1512",2018-02-20,"martes","Laboral"
"1513",2018-02-21,"miércoles","Laboral"
"1514",2018-02-22,"jueves","Laboral"
"1515",2018-02-23,"viernes","Laboral"
"1516",2018-02-24,"sábado","Fin de semana"
"1517",2018-02-25,"domingo","Fin de semana"
"1518",2018-02-26,"lunes","Laboral"
"1519",2018-02-27,"martes","Laboral"
"1520",2018-02-28,"miércoles","Laboral"
"1521",2018-03-01,"jueves","Laboral"
"1522",2018-03-02,"viernes","Laboral"
"1523",2018-03-03,"sábado","Fin de semana"
"1524",2018-03-04,"domingo","Fin de semana"
"1525",2018-03-05,"lunes","Laboral"
"1526",2018-03-06,"martes","Laboral"
"1527",2018-03-07,"miércoles","Laboral"
"1528",2018-03-08,"jueves","Laboral"
"1529",2018-03-09,"viernes","Laboral"
"1530",2018-03-10,"sábado","Fin de semana"
"1531",2018-03-11,"domingo","Fin de semana"
"1532",2018-03-12,"lunes","Laboral"
"1533",2018-03-13,"martes","Laboral"
"1534",2018-03-14,"miércoles","Laboral"
"1535",2018-03-15,"jueves","Laboral"
"1536",2018-03-16,"viernes","Laboral"
"1537",2018-03-17,"sábado","Fin de semana"
"1538",2018-03-18,"domingo","Fin de semana"
"1539",2018-03-19,"lunes","Festivo"
"1540",2018-03-20,"martes","Laboral"
"1541",2018-03-21,"miércoles","Laboral"
"1542",2018-03-22,"jueves","Laboral"
"1543",2018-03-23,"viernes","Laboral"
"1544",2018-03-24,"sábado","Fin de semana"
"1545",2018-03-25,"domingo","Fin de semana"
"1546",2018-03-26,"lunes","Laboral"
"1547",2018-03-27,"martes","Laboral"
"1548",2018-03-28,"miércoles","Laboral"
"1549",2018-03-29,"jueves","Festivo"
"1550",2018-03-30,"viernes","Festivo"
"1551",2018-03-31,"sábado","Fin de semana"
"1552",2018-04-01,"domingo","Fin de semana"
"1553",2018-04-02,"lunes","Laboral"
"1554",2018-04-03,"martes","Laboral"
"1555",2018-04-04,"miércoles","Laboral"
"1556",2018-04-05,"jueves","Laboral"
"1557",2018-04-06,"viernes","Laboral"
"1558",2018-04-07,"sábado","Fin de semana"
"1559",2018-04-08,"domingo","Fin de semana"
"1560",2018-04-09,"lunes","Laboral"
"1561",2018-04-10,"martes","Laboral"
"1562",2018-04-11,"miércoles","Laboral"
"1563",2018-04-12,"jueves","Laboral"
"1564",2018-04-13,"viernes","Laboral"
"1565",2018-04-14,"sábado","Fin de semana"
"1566",2018-04-15,"domingo","Fin de semana"
"1567",2018-04-16,"lunes","Laboral"
"1568",2018-04-17,"martes","Laboral"
"1569",2018-04-18,"miércoles","Laboral"
"1570",2018-04-19,"jueves","Laboral"
"1571",2018-04-20,"viernes","Laboral"
"1572",2018-04-21,"sábado","Fin de semana"
"1573",2018-04-22,"domingo","Fin de semana"
"1574",2018-04-23,"lunes","Laboral"
"1575",2018-04-24,"martes","Laboral"
"1576",2018-04-25,"miércoles","Laboral"
"1577",2018-04-26,"jueves","Laboral"
"1578",2018-04-27,"viernes","Laboral"
"1579",2018-04-28,"sábado","Fin de semana"
"1580",2018-04-29,"domingo","Fin de semana"
"1581",2018-04-30,"lunes","Laboral"
"1582",2018-05-01,"martes","Festivo"
"1583",2018-05-02,"miércoles","Laboral"
"1584",2018-05-03,"jueves","Laboral"
"1585",2018-05-04,"viernes","Laboral"
"1586",2018-05-05,"sábado","Fin de semana"
"1587",2018-05-06,"domingo","Fin de semana"
"1588",2018-05-07,"lunes","Laboral"
"1589",2018-05-08,"martes","Laboral"
"1590",2018-05-09,"miércoles","Laboral"
"1591",2018-05-10,"jueves","Laboral"
"1592",2018-05-11,"viernes","Laboral"
"1593",2018-05-12,"sábado","Fin de semana"
"1594",2018-05-13,"domingo","Fin de semana"
"1595",2018-05-14,"lunes","Festivo"
"1596",2018-05-15,"martes","Laboral"
"1597",2018-05-16,"miércoles","Laboral"
"1598",2018-05-17,"jueves","Laboral"
"1599",2018-05-18,"viernes","Laboral"
"1600",2018-05-19,"sábado","Fin de semana"
"1601",2018-05-20,"domingo","Fin de semana"
"1602",2018-05-21,"lunes","Laboral"
"1603",2018-05-22,"martes","Laboral"
"1604",2018-05-23,"miércoles","Laboral"
"1605",2018-05-24,"jueves","Laboral"
"1606",2018-05-25,"viernes","Laboral"
"1607",2018-05-26,"sábado","Fin de semana"
"1608",2018-05-27,"domingo","Fin de semana"
"1609",2018-05-28,"lunes","Laboral"
"1610",2018-05-29,"martes","Laboral"
"1611",2018-05-30,"miércoles","Laboral"
"1612",2018-05-31,"jueves","Laboral"
"1613",2018-06-01,"viernes","Laboral"
"1614",2018-06-02,"sábado","Fin de semana"
"1615",2018-06-03,"domingo","Fin de semana"
"1616",2018-06-04,"lunes","Festivo"
"1617",2018-06-05,"martes","Laboral"
"1618",2018-06-06,"miércoles","Laboral"
"1619",2018-06-07,"jueves","Laboral"
"1620",2018-06-08,"viernes","Laboral"
"1621",2018-06-09,"sábado","Fin de semana"
"1622",2018-06-10,"domingo","Fin de semana"
"1623",2018-06-11,"lunes","Festivo"
"1624",2018-06-12,"martes","Laboral"
"1625",2018-06-13,"miércoles","Laboral"
"1626",2018-06-14,"jueves","Laboral"
"1627",2018-06-15,"viernes","Laboral"
"1628",2018-06-16,"sábado","Fin de semana"
"1629",2018-06-17,"domingo","Fin de semana"
"1630",2018-06-18,"lunes","Laboral"
"1631",2018-06-19,"martes","Laboral"
"1632",2018-06-20,"miércoles","Laboral"
"1633",2018-06-21,"jueves","Laboral"
"1634",2018-06-22,"viernes","Laboral"
"1635",2018-06-23,"sábado","Fin de semana"
"1636",2018-06-24,"domingo","Fin de semana"
"1637",2018-06-25,"lunes","Laboral"
"1638",2018-06-26,"martes","Laboral"
"1639",2018-06-27,"miércoles","Laboral"
"1640",2018-06-28,"jueves","Laboral"
"1641",2018-06-29,"viernes","Laboral"
"1642",2018-06-30,"sábado","Fin de semana"
"1643",2018-07-01,"domingo","Fin de semana"
"1644",2018-07-02,"lunes","Festivo"
"1645",2018-07-03,"martes","Laboral"
"1646",2018-07-04,"miércoles","Laboral"
"1647",2018-07-05,"jueves","Laboral"
"1648",2018-07-06,"viernes","Laboral"
"1649",2018-07-07,"sábado","Fin de semana"
"1650",2018-07-08,"domingo","Fin de semana"
"1651",2018-07-09,"lunes","Laboral"
"1652",2018-07-10,"martes","Laboral"
"1653",2018-07-11,"miércoles","Laboral"
"1654",2018-07-12,"jueves","Laboral"
"1655",2018-07-13,"viernes","Laboral"
"1656",2018-07-14,"sábado","Fin de semana"
"1657",2018-07-15,"domingo","Fin de semana"
"1658",2018-07-16,"lunes","Laboral"
"1659",2018-07-17,"martes","Laboral"
"1660",2018-07-18,"miércoles","Laboral"
"1661",2018-07-19,"jueves","Laboral"
"1662",2018-07-20,"viernes","Festivo"
"1663",2018-07-21,"sábado","Fin de semana"
"1664",2018-07-22,"domingo","Fin de semana"
"1665",2018-07-23,"lunes","Laboral"
"1666",2018-07-24,"martes","Laboral"
"1667",2018-07-25,"miércoles","Laboral"
"1668",2018-07-26,"jueves","Laboral"
"1669",2018-07-27,"viernes","Laboral"
"1670",2018-07-28,"sábado","Fin de semana"
"1671",2018-07-29,"domingo","Fin de semana"
"1672",2018-07-30,"lunes","Laboral"
"1673",2018-07-31,"martes","Laboral"
"1674",2018-08-01,"miércoles","Laboral"
"1675",2018-08-02,"jueves","Laboral"
"1676",2018-08-03,"viernes","Laboral"
"1677",2018-08-04,"sábado","Fin de semana"
"1678",2018-08-05,"domingo","Fin de semana"
"1679",2018-08-06,"lunes","Laboral"
"1680",2018-08-07,"martes","Festivo"
"1681",2018-08-08,"miércoles","Laboral"
"1682",2018-08-09,"jueves","Laboral"
"1683",2018-08-10,"viernes","Laboral"
"1684",2018-08-11,"sábado","Fin de semana"
"1685",2018-08-12,"domingo","Fin de semana"
"1686",2018-08-13,"lunes","Laboral"
"1687",2018-08-14,"martes","Laboral"
"1688",2018-08-15,"miércoles","Laboral"
"1689",2018-08-16,"jueves","Laboral"
"1690",2018-08-17,"viernes","Laboral"
"1691",2018-08-18,"sábado","Fin de semana"
"1692",2018-08-19,"domingo","Fin de semana"
"1693",2018-08-20,"lunes","Festivo"
"1694",2018-08-21,"martes","Laboral"
"1695",2018-08-22,"miércoles","Laboral"
"1696",2018-08-23,"jueves","Laboral"
"1697",2018-08-24,"viernes","Laboral"
"1698",2018-08-25,"sábado","Fin de semana"
"1699",2018-08-26,"domingo","Fin de semana"
"1700",2018-08-27,"lunes","Laboral"
"1701",2018-08-28,"martes","Laboral"
"1702",2018-08-29,"miércoles","Laboral"
"1703",2018-08-30,"jueves","Laboral"
"1704",2018-08-31,"viernes","Laboral"
"1705",2018-09-01,"sábado","Fin de semana"
"1706",2018-09-02,"domingo","Fin de semana"
"1707",2018-09-03,"lunes","Laboral"
"1708",2018-09-04,"martes","Laboral"
"1709",2018-09-05,"miércoles","Laboral"
"1710",2018-09-06,"jueves","Laboral"
"1711",2018-09-07,"viernes","Laboral"
"1712",2018-09-08,"sábado","Fin de semana"
"1713",2018-09-09,"domingo","Fin de semana"
"1714",2018-09-10,"lunes","Laboral"
"1715",2018-09-11,"martes","Laboral"
"1716",2018-09-12,"miércoles","Laboral"
"1717",2018-09-13,"jueves","Laboral"
"1718",2018-09-14,"viernes","Laboral"
"1719",2018-09-15,"sábado","Fin de semana"
"1720",2018-09-16,"domingo","Fin de semana"
"1721",2018-09-17,"lunes","Laboral"
"1722",2018-09-18,"martes","Laboral"
"1723",2018-09-19,"miércoles","Laboral"
"1724",2018-09-20,"jueves","Laboral"
"1725",2018-09-21,"viernes","Laboral"
"1726",2018-09-22,"sábado","Fin de semana"
"1727",2018-09-23,"domingo","Fin de semana"
"1728",2018-09-24,"lunes","Laboral"
"1729",2018-09-25,"martes","Laboral"
"1730",2018-09-26,"miércoles","Laboral"
"1731",2018-09-27,"jueves","Laboral"
"1732",2018-09-28,"viernes","Laboral"
"1733",2018-09-29,"sábado","Fin de semana"
"1734",2018-09-30,"domingo","Fin de semana"
"1735",2018-10-01,"lunes","Laboral"
"1736",2018-10-02,"martes","Laboral"
"1737",2018-10-03,"miércoles","Laboral"
"1738",2018-10-04,"jueves","Laboral"
"1739",2018-10-05,"viernes","Festivo"
"1740",2018-10-06,"sábado","Fin de semana"
"1741",2018-10-07,"domingo","Fin de semana"
"1742",2018-10-08,"lunes","Laboral"
"1743",2018-10-09,"martes","Laboral"
"1744",2018-10-10,"miércoles","Laboral"
"1745",2018-10-11,"jueves","Laboral"
"1746",2018-10-12,"viernes","Festivo"
"1747",2018-10-13,"sábado","Fin de semana"
"1748",2018-10-14,"domingo","Fin de semana"
"1749",2018-10-15,"lunes","Laboral"
"1750",2018-10-16,"martes","Laboral"
"1751",2018-10-17,"miércoles","Laboral"
"1752",2018-10-18,"jueves","Laboral"
"1753",2018-10-19,"viernes","Laboral"
"1754",2018-10-20,"sábado","Fin de semana"
"1755",2018-10-21,"domingo","Fin de semana"
"1756",2018-10-22,"lunes","Laboral"
"1757",2018-10-23,"martes","Laboral"
"1758",2018-10-24,"miércoles","Laboral"
"1759",2018-10-25,"jueves","Laboral"
"1760",2018-10-26,"viernes","Laboral"
"1761",2018-10-27,"sábado","Fin de semana"
"1762",2018-10-28,"domingo","Fin de semana"
"1763",2018-10-29,"lunes","Laboral"
"1764",2018-10-30,"martes","Laboral"
"1765",2018-10-31,"miércoles","Laboral"
"1766",2018-11-01,"jueves","Laboral"
"1767",2018-11-02,"viernes","Laboral"
"1768",2018-11-03,"sábado","Fin de semana"
"1769",2018-11-04,"domingo","Fin de semana"
"1770",2018-11-05,"lunes","Laboral"
"1771",2018-11-06,"martes","Laboral"
"1772",2018-11-07,"miércoles","Laboral"
"1773",2018-11-08,"jueves","Festivo"
"1774",2018-11-09,"viernes","Laboral"
"1775",2018-11-10,"sábado","Fin de semana"
"1776",2018-11-11,"domingo","Fin de semana"
"1777",2018-11-12,"lunes","Laboral"
"1778",2018-11-13,"martes","Laboral"
"1779",2018-11-14,"miércoles","Laboral"
"1780",2018-11-15,"jueves","Laboral"
"1781",2018-11-16,"viernes","Laboral"
"1782",2018-11-17,"sábado","Fin de semana"
"1783",2018-11-18,"domingo","Fin de semana"
"1784",2018-11-19,"lunes","Laboral"
"1785",2018-11-20,"martes","Laboral"
"1786",2018-11-21,"miércoles","Laboral"
"1787",2018-11-22,"jueves","Laboral"
"1788",2018-11-23,"viernes","Laboral"
"1789",2018-11-24,"sábado","Fin de semana"
"1790",2018-11-25,"domingo","Fin de semana"
"1791",2018-11-26,"lunes","Laboral"
"1792",2018-11-27,"martes","Laboral"
"1793",2018-11-28,"miércoles","Laboral"
"1794",2018-11-29,"jueves","Laboral"
"1795",2018-11-30,"viernes","Laboral"
"1796",2018-12-01,"sábado","Fin de semana"
"1797",2018-12-02,"domingo","Fin de semana"
"1798",2018-12-03,"lunes","Laboral"
"1799",2018-12-04,"martes","Laboral"
"1800",2018-12-05,"miércoles","Laboral"
"1801",2018-12-06,"jueves","Laboral"
"1802",2018-12-07,"viernes","Laboral"
"1803",2018-12-08,"sábado","Fin de semana"
"1804",2018-12-09,"domingo","Fin de semana"
"1805",2018-12-10,"lunes","Laboral"
"1806",2018-12-11,"martes","Laboral"
"1807",2018-12-12,"miércoles","Laboral"
"1808",2018-12-13,"jueves","Laboral"
"1809",2018-12-14,"viernes","Laboral"
"1810",2018-12-15,"sábado","Fin de semana"
"1811",2018-12-16,"domingo","Fin de semana"
"1812",2018-12-17,"lunes","Laboral"
"1813",2018-12-18,"martes","Laboral"
"1814",2018-12-19,"miércoles","Laboral"
"1815",2018-12-20,"jueves","Laboral"
"1816",2018-12-21,"viernes","Laboral"
"1817",2018-12-22,"sábado","Fin de semana"
"1818",2018-12-23,"domingo","Fin de semana"
"1819",2018-12-24,"lunes","Laboral"
"1820",2018-12-25,"martes","Laboral"
"1821",2018-12-26,"miércoles","Laboral"
"1822",2018-12-27,"jueves","Laboral"
"1823",2018-12-28,"viernes","Laboral"
"1824",2018-12-29,"sábado","Fin de semana"
"1825",2018-12-30,"domingo","Fin de semana"
"1826",2018-12-31,"lunes","Laboral"
"1827",2019-01-01,"martes","Festivo"
"1828",2019-01-02,"miércoles","Laboral"
"1829",2019-01-03,"jueves","Laboral"
"1830",2019-01-04,"viernes","Laboral"
"1831",2019-01-05,"sábado","Fin de semana"
"1832",2019-01-06,"domingo","Fin de semana"
"1833",2019-01-07,"lunes","Festivo"
"1834",2019-01-08,"martes","Laboral"
"1835",2019-01-09,"miércoles","Laboral"
"1836",2019-01-10,"jueves","Laboral"
"1837",2019-01-11,"viernes","Laboral"
"1838",2019-01-12,"sábado","Fin de semana"
"1839",2019-01-13,"domingo","Fin de semana"
"1840",2019-01-14,"lunes","Laboral"
"1841",2019-01-15,"martes","Laboral"
"1842",2019-01-16,"miércoles","Laboral"
"1843",2019-01-17,"jueves","Laboral"
"1844",2019-01-18,"viernes","Laboral"
"1845",2019-01-19,"sábado","Fin de semana"
"1846",2019-01-20,"domingo","Fin de semana"
"1847",2019-01-21,"lunes","Laboral"
"1848",2019-01-22,"martes","Laboral"
"1849",2019-01-23,"miércoles","Laboral"
"1850",2019-01-24,"jueves","Laboral"
"1851",2019-01-25,"viernes","Laboral"
"1852",2019-01-26,"sábado","Fin de semana"
"1853",2019-01-27,"domingo","Fin de semana"
"1854",2019-01-28,"lunes","Laboral"
"1855",2019-01-29,"martes","Laboral"
"1856",2019-01-30,"miércoles","Laboral"
"1857",2019-01-31,"jueves","Laboral"
"1858",2019-02-01,"viernes","Laboral"
"1859",2019-02-02,"sábado","Fin de semana"
"1860",2019-02-03,"domingo","Fin de semana"
"1861",2019-02-04,"lunes","Laboral"
"1862",2019-02-05,"martes","Laboral"
"1863",2019-02-06,"miércoles","Laboral"
"1864",2019-02-07,"jueves","Laboral"
"1865",2019-02-08,"viernes","Laboral"
"1866",2019-02-09,"sábado","Fin de semana"
"1867",2019-02-10,"domingo","Fin de semana"
"1868",2019-02-11,"lunes","Laboral"
"1869",2019-02-12,"martes","Laboral"
"1870",2019-02-13,"miércoles","Laboral"
"1871",2019-02-14,"jueves","Laboral"
"1872",2019-02-15,"viernes","Laboral"
"1873",2019-02-16,"sábado","Fin de semana"
"1874",2019-02-17,"domingo","Fin de semana"
"1875",2019-02-18,"lunes","Laboral"
"1876",2019-02-19,"martes","Laboral"
"1877",2019-02-20,"miércoles","Laboral"
"1878",2019-02-21,"jueves","Laboral"
"1879",2019-02-22,"viernes","Laboral"
"1880",2019-02-23,"sábado","Fin de semana"
"1881",2019-02-24,"domingo","Fin de semana"
"1882",2019-02-25,"lunes","Laboral"
"1883",2019-02-26,"martes","Laboral"
"1884",2019-02-27,"miércoles","Laboral"
"1885",2019-02-28,"jueves","Laboral"
"1886",2019-03-01,"viernes","Laboral"
"1887",2019-03-02,"sábado","Fin de semana"
"1888",2019-03-03,"domingo","Fin de semana"
"1889",2019-03-04,"lunes","Laboral"
"1890",2019-03-05,"martes","Laboral"
"1891",2019-03-06,"miércoles","Laboral"
"1892",2019-03-07,"jueves","Laboral"
"1893",2019-03-08,"viernes","Laboral"
"1894",2019-03-09,"sábado","Fin de semana"
"1895",2019-03-10,"domingo","Fin de semana"
"1896",2019-03-11,"lunes","Laboral"
"1897",2019-03-12,"martes","Laboral"
"1898",2019-03-13,"miércoles","Laboral"
"1899",2019-03-14,"jueves","Laboral"
"1900",2019-03-15,"viernes","Laboral"
"1901",2019-03-16,"sábado","Fin de semana"
"1902",2019-03-17,"domingo","Fin de semana"
"1903",2019-03-18,"lunes","Laboral"
"1904",2019-03-19,"martes","Laboral"
"1905",2019-03-20,"miércoles","Laboral"
"1906",2019-03-21,"jueves","Laboral"
"1907",2019-03-22,"viernes","Laboral"
"1908",2019-03-23,"sábado","Fin de semana"
"1909",2019-03-24,"domingo","Fin de semana"
"1910",2019-03-25,"lunes","Festivo"
"1911",2019-03-26,"martes","Laboral"
"1912",2019-03-27,"miércoles","Laboral"
"1913",2019-03-28,"jueves","Laboral"
"1914",2019-03-29,"viernes","Laboral"
"1915",2019-03-30,"sábado","Fin de semana"
"1916",2019-03-31,"domingo","Fin de semana"
"1917",2019-04-01,"lunes","Laboral"
"1918",2019-04-02,"martes","Laboral"
"1919",2019-04-03,"miércoles","Laboral"
"1920",2019-04-04,"jueves","Laboral"
"1921",2019-04-05,"viernes","Laboral"
"1922",2019-04-06,"sábado","Fin de semana"
"1923",2019-04-07,"domingo","Fin de semana"
"1924",2019-04-08,"lunes","Laboral"
"1925",2019-04-09,"martes","Laboral"
"1926",2019-04-10,"miércoles","Laboral"
"1927",2019-04-11,"jueves","Laboral"
"1928",2019-04-12,"viernes","Laboral"
"1929",2019-04-13,"sábado","Fin de semana"
"1930",2019-04-14,"domingo","Fin de semana"
"1931",2019-04-15,"lunes","Laboral"
"1932",2019-04-16,"martes","Laboral"
"1933",2019-04-17,"miércoles","Laboral"
"1934",2019-04-18,"jueves","Festivo"
"1935",2019-04-19,"viernes","Festivo"
"1936",2019-04-20,"sábado","Fin de semana"
"1937",2019-04-21,"domingo","Fin de semana"
"1938",2019-04-22,"lunes","Laboral"
"1939",2019-04-23,"martes","Laboral"
"1940",2019-04-24,"miércoles","Laboral"
"1941",2019-04-25,"jueves","Laboral"
"1942",2019-04-26,"viernes","Laboral"
"1943",2019-04-27,"sábado","Fin de semana"
"1944",2019-04-28,"domingo","Fin de semana"
"1945",2019-04-29,"lunes","Laboral"
"1946",2019-04-30,"martes","Laboral"
"1947",2019-05-01,"miércoles","Festivo"
"1948",2019-05-02,"jueves","Laboral"
"1949",2019-05-03,"viernes","Laboral"
"1950",2019-05-04,"sábado","Fin de semana"
"1951",2019-05-05,"domingo","Fin de semana"
"1952",2019-05-06,"lunes","Laboral"
"1953",2019-05-07,"martes","Laboral"
"1954",2019-05-08,"miércoles","Laboral"
"1955",2019-05-09,"jueves","Laboral"
"1956",2019-05-10,"viernes","Laboral"
"1957",2019-05-11,"sábado","Fin de semana"
"1958",2019-05-12,"domingo","Fin de semana"
"1959",2019-05-13,"lunes","Laboral"
"1960",2019-05-14,"martes","Laboral"
"1961",2019-05-15,"miércoles","Laboral"
"1962",2019-05-16,"jueves","Laboral"
"1963",2019-05-17,"viernes","Laboral"
"1964",2019-05-18,"sábado","Fin de semana"
"1965",2019-05-19,"domingo","Fin de semana"
"1966",2019-05-20,"lunes","Laboral"
"1967",2019-05-21,"martes","Laboral"
"1968",2019-05-22,"miércoles","Laboral"
"1969",2019-05-23,"jueves","Laboral"
"1970",2019-05-24,"viernes","Laboral"
"1971",2019-05-25,"sábado","Fin de semana"
"1972",2019-05-26,"domingo","Fin de semana"
"1973",2019-05-27,"lunes","Laboral"
"1974",2019-05-28,"martes","Laboral"
"1975",2019-05-29,"miércoles","Laboral"
"1976",2019-05-30,"jueves","Laboral"
"1977",2019-05-31,"viernes","Laboral"
"1978",2019-06-01,"sábado","Fin de semana"
"1979",2019-06-02,"domingo","Fin de semana"
"1980",2019-06-03,"lunes","Festivo"
"1981",2019-06-04,"martes","Laboral"
"1982",2019-06-05,"miércoles","Laboral"
"1983",2019-06-06,"jueves","Laboral"
"1984",2019-06-07,"viernes","Laboral"
"1985",2019-06-08,"sábado","Fin de semana"
"1986",2019-06-09,"domingo","Fin de semana"
"1987",2019-06-10,"lunes","Laboral"
"1988",2019-06-11,"martes","Laboral"
"1989",2019-06-12,"miércoles","Laboral"
"1990",2019-06-13,"jueves","Laboral"
"1991",2019-06-14,"viernes","Laboral"
"1992",2019-06-15,"sábado","Fin de semana"
"1993",2019-06-16,"domingo","Fin de semana"
"1994",2019-06-17,"lunes","Laboral"
"1995",2019-06-18,"martes","Laboral"
"1996",2019-06-19,"miércoles","Laboral"
"1997",2019-06-20,"jueves","Laboral"
"1998",2019-06-21,"viernes","Laboral"
"1999",2019-06-22,"sábado","Fin de semana"
"2000",2019-06-23,"domingo","Fin de semana"
"2001",2019-06-24,"lunes","Festivo"
"2002",2019-06-25,"martes","Laboral"
"2003",2019-06-26,"miércoles","Laboral"
"2004",2019-06-27,"jueves","Laboral"
"2005",2019-06-28,"viernes","Laboral"
"2006",2019-06-29,"sábado","Fin de semana"
"2007",2019-06-30,"domingo","Fin de semana"
